-1.0452552,-46.7820804,['E pra finalizar a fileirinha ‚ù§ em UFPA Bragan√ßa https://t.co/G8ued3XJ71', 'um pouco distra√≠do pra foto, rs em UFPA Bragan√ßa https://t.co/A45x4LHmDd', 'Com licen√ßa, um dos pedagogos mais lindos do Brasil passando na sua telinha hehehe ‚ù§ da #SemanadoCalouro 2020 em UF‚Ä¶ https://t.co/5Ukanha4Qc', 'üé∂ em Liceu https://t.co/mhLQx5q3uA', 'fuck vitutia']
-10.7160318,-48.3996255,['üèúüçªüö¥üèª\u200d‚ôÇÔ∏è em Serra Das Antenas https://t.co/4phqZrwzSb', 'Tem que respeitar demais, o por do Sol mais lindo do mundo ! https://t.co/6UJxnHVZAc', 'Agora vc pula e tenta coloca a cabe√ßa na bunda #Domingo https://t.co/RKIj8x72Aw']
-10.2946022,-48.3573915,[]
-5.6845862,-48.1132637,[]
4.4907549,-61.1644215,[]
-25.4263511,-49.5257209,[]
-8.8331925,-67.3117106,[]
-6.2349144,-57.7758461,[]
1.6003124,-54.1333427,[]
-5.9114,-35.2477,['Acabou de publicar uma foto em Parnamirim, Rio Grande do Norte https://t.co/OujeKHClzF', 'Perdoe-se! Ofere√ßa a si mesmo uma nova chance. ‚†Ä‚†Ä‚†Ä‚†Ä‚†Ä‚†Ä‚†Ä‚†Ä‚†Ä‚†Ä‚†Ä‚†Ä‚†Ä‚†Ä‚†Ä‚†Ä‚†Ä‚†Ä‚†Ä‚†Ä‚†Ä‚†Ä‚†Ä‚†Ä\n- Abrace essa pessoa t√£o encolhida que anda‚Ä¶ https://t.co/IxcDf901uA', 'Ol√°, boa tarde\nA seguir\nSanta missa ao vivo na https://t.co/bZawYP1S6c \n18h em Parnamirim, Rio Grande do Norte https://t.co/FosLbvT5uL', 'üë£\n‚Äî\nCelebro a minha cura mesmo que eu sinta dor\n‚Äî\nPorque a f√© sabe, ela n√£o sente\nA f√© sabe, n√£o precisa ver\n‚Äî‚Ä¶ https://t.co/vSkByaWseK', '#homeoffice mode On Reuni√£o do Colegiado do @ccsaufrn @UFRN_AGECOM em Parnamirim, Rio Grande do Norte https://t.co/wZHXV3384T', 'Ol√°, bom dia em Parnamirim, Rio Grande do Norte https://t.co/1haWVAnVCN', 'Acabou de publicar uma foto em Parnamirim, Rio Grande do Norte https://t.co/uTc0kTsPVw', 'Sl 140. 6 P√µe, √≥ Senhor, uma guarda √† minha boca; vigia a porta dos meus l√°bios! #rpsp Ajuda-me a controlar o que f‚Ä¶ https://t.co/hFs0ydXdXx', 'üí∞J√Å\xa0 EST√Å\xa0 L I B E R A D Oüí∞\n\nEmpr√©stimos:\nCONSIGNADOS &amp; PESSOAL.\nPessoa F√≠sica e Pessoa Jur√≠dica\n\nFA√áA SEU EMPR√âSTI‚Ä¶ https://t.co/T8IT5zH82W', 'Ol√°, boa noite em Parnamirim, Rio Grande do Norte https://t.co/ZuD03jYPBo', 'üí∞J√Å\xa0 EST√Å\xa0 L I B E R A D Oüí∞\n\nEmpr√©stimos:\nCONSIGNADOS &amp; PESSOAL.\nPessoa F√≠sica e Pessoa Jur√≠dica\n\nFA√áA SEU EMPR√âSTI‚Ä¶ https://t.co/1qptdyaW7n', 'üí∞J√Å\xa0 EST√Å\xa0 L I B E R A D Oüí∞\n\nEmpr√©stimos:\nCONSIGNADOS &amp; PESSOAL.\nPessoa F√≠sica e Pessoa Jur√≠dica\n\nFA√áA SEU EMPR√âSTI‚Ä¶ https://t.co/PyzHUPY0hd', 'üí∞J√Å\xa0 EST√Å\xa0 L I B E R A D Oüí∞\n\nEmpr√©stimos:\nCONSIGNADOS &amp; PESSOAL.\nPessoa F√≠sica e Pessoa Jur√≠dica\n\nFA√áA SEU EMPR√âSTI‚Ä¶ https://t.co/qKze9dgG7j', 'Acabou de publicar uma foto em Parnamirim, Rio Grande do Norte https://t.co/CttWK9L8s0', 'üåûüòäüòòüåπüè† em Parnamirim, Rio Grande do Norte https://t.co/8mUYDXCyie']
-17.7652164,-48.7582083,['Esse peixe n√£o larga do meu p√©! üò°ü¶∂üêü #rioquente #saidomeup√©xul√© #rio #aguadoce #peixe em Rio Quente https://t.co/IbwZFsb0fP', 'Saudades! #Piscina #Sol #√ÅguaQuente.... em Rio Quente Resorts https://t.co/cybjEyxDMa']
-14.8152586,-39.0315338,['Filipenses 2:1. PORTANTO, se h√° algum conforto em Cristo, se alguma consola√ß√£o de amor, se alguma comunh√£o no Esp√≠r‚Ä¶ https://t.co/km3EjPxcQZ', 'Filipenses 2:1. PORTANTO, se h√° algum conforto em Cristo, se alguma consola√ß√£o de amor, se alguma comunh√£o no Esp√≠r‚Ä¶ https://t.co/8asV58nrrV', 'Equilibrando com a testa! üë®\u200düë¶\n#paidemenino\n#amordopai em Ilheus Bahia Brasil https://t.co/pwu1fFTywz', '#tbt de como eu queria estar em Ilheus Bahia Brasil https://t.co/vUzGcAufEP', 'Exercendo sempre o poder da gratid√£o, mesmo em tempos dif√≠ceis.\n.\nPassado o susto da semana passada, estou retomand‚Ä¶ https://t.co/tBtEcs8wsx', 'Bel√≠ssimas imagens capturadas por jose_nazal da Ponte Jorge Amado, em #Ilh√©us. Obra que vai facilitar muito a mobil‚Ä¶ https://t.co/u9ybqFPQrN']
0.1235176,-68.5455451,[]
-6.4136303,-68.259218,[]
-9.5848536,-35.7541519,['ü§òüèºüòçüòÇ Voc√™s s√£o show turmaaaa!!!!\n.\n.\nHoje (22/06) cedinho √†s 07h17 (AM) eu estive por 40 minutos com os alunos da S‚Ä¶ https://t.co/v1DE0DJXZn', 'Temos sim que destruir o comunismo chin√™s.\nAmea√ßa a paz mundial em Aonde Deus Habita https://t.co/wMZtZW3HkF', '#STFEscritorioDoCrime em Aonde Deus Habita https://t.co/e00T3PJJoz', '#olavotemraz√£o em Aonde Deus Habita https://t.co/MTaqs9Yat9', 'O macho alfa sempre arrasando cora√ß√µes kkk\nBeijo lindaaaaa\nPena que √© t√≠mida...\nMe bloqueou em Aonde Deus Habita https://t.co/7OAXXjSWAg', 'DEN√öNCIA\njairmessiasbolsonaro damaresalvesoficial1 @flaviofedera @CarolDeToni3 em Aonde Deus Habita https://t.co/AwTIDIzucU', 'Nota de Pesar: Dom Val√©rio Breda\n\nArquidiocese de Macei√≥, atrav√©s de Dom Ant√¥nio Muniz Fernandes, lamenta profundam‚Ä¶ https://t.co/vJu0zgCo9L', 'Reposted from vaticannewspt Ap√≥s celebrar a missa de Corpus Christi neste domingo, o Papa Francisco rezou da janela‚Ä¶ https://t.co/jkDQlhbFGZ', 'Come√ßouuuuuu!!! Vamos curtir um doming√£o todo especial com @sorrisomaroto @bcbrunocardoso‚Ä¶ https://t.co/62TMVioUbJ']
-17.8244296,-50.5921927,[]
-18.5747144,-51.1569174,[]
-25.520097,-49.6846728,['carinha do blabla ouvindo mc paulin da capital √© tudo kkk', '@lnacsni Mas √©  q ele parece muuuuito ser aquelas crian√ßas mimada que o pai e a m√£e fazem ser o centro das aten√ß√µes‚Ä¶ https://t.co/LpF81MJ5pB', 'onde q eu t√¥ https://t.co/wBl8pmC0nP', 'Foda https://t.co/eos8GbmbeY']
-8.9568555,-72.7821589,[]
-25.1881397,-50.142065,['Just posted a photo @ Aeroporto de Ponta Grossa https://t.co/i5AEd5i4zM', 'Just posted a photo @ Aeroporto de Ponta Grossa https://t.co/uQ1uBK8XlC']
-2.424673,-54.7864644,[]
-22.9199436,-42.8283407,['Os dias est√£o lindos. E nesse inverno os fins de tarde seguem assim: espl√™ndido.\n\nüìçMaric√°, RJ üáßüá∑\n\nüì∑ Renan Alves.‚Ä¶ https://t.co/pfoyby2v5j', 'üò∑ em Itaipua√ßu, Maric√°, Rj, Brasil https://t.co/Wis5AVQyYl', "I'm at Maric√° - @maricarj in RJ https://t.co/XgeiBjSdMF", 'Bom dia!\n\n"Felicidade √© acordar e saber que mesmo n√£o tendo tudo o que deseja o meu cora√ß√£o, me sinto completamente‚Ä¶ https://t.co/uvPhk0M2sS', '‚òÄÔ∏èüèä\u200d‚ôÄÔ∏è em Maric√°, Rio de Janeiro https://t.co/0B3LM4AfFT', 'Vamos aproveitar o sol do inverno carioca ‚òÄÔ∏èüòò em Maric√°, Rio de Janeiro https://t.co/6HR0RDKhxf', 'Jovens: Voc√™s s√£o fortes e a Palavra de Deus habita em voc√™s!!!\n\nTomem posse da Palavra e assumam a Miss√£o e o lega‚Ä¶ https://t.co/gKC1c2mNjW', 'Sigam @PontaNegraMaric #riodejaneiro #beach #Brasil #gym #parcerias #fitness #fitnessjourney #fitspiration #maric√°‚Ä¶ https://t.co/ZqNDG9eV07', 'Voc√™s j√° foram ver o v√≠deo no meu IGTV? \n.\n.\nSe sim, deixa seu coment√°rio aqui ü§™\nSe n√£o, vai l√° e deixa seu coment√°‚Ä¶ https://t.co/sXdruTpdNg', 'Minha dica culin√°ria! em Por a√≠ em Maric√° https://t.co/wTtPr3rTNr', 'A cara da ressaca! ü§Æü§¢üòÇ\n\nSiga @lucioazevedo #pontanegra #pontanegramarica #pontanegramaric√° #pontanegrarj #maric√°‚Ä¶ https://t.co/gZ6MgiWmIQ', 'Siga @lucioazevedo #pontanegra #pontanegramarica #pontanegramaric√° #pontanegrarj #maric√° #fitnesslife #cordeirinho‚Ä¶ https://t.co/bahikPmqPC', "I'm at Condom√≠nio Boa Vista in Maric√°, RJ https://t.co/ZTTbhQMIJt", 'Aquela oportunidade que vc n√£o tem duas vzs ü•µü•∞‚ù§Ô∏èüö© em Maric√°, Rio de Janeiro https://t.co/Ykbgt7ukOz', 'Quer dizer ent√£o que na estrada de ch√£o n√£o √© necess√°rio liga a seta n√©ü§¶üèΩ\u200d‚ôÇÔ∏è em Maric√°, Rio de Janeiro https://t.co/gTtk7YZobd']
-16.4409772,-39.0806731,['... mas Deus honra! üôåüèæüôèüèæ‚ô•Ô∏è em Porto Seguro https://t.co/RHpgswafgH', 'Novos procedimentos para RETOMADA.\nColaborador usando todos os EPIs, aferi√ß√£o da temperatura com term√¥metro infrave‚Ä¶ https://t.co/PZ1KzTO6fs', '#CarpeDiem em Porto Seguro https://t.co/EZM0tff8Wt', 'Acabou de publicar uma foto em Porto Seguro https://t.co/PyyRyZO4WX', 'Acabou de publicar uma foto em Porto Seguro https://t.co/kIWCB7Ots6', 'Um olhar diferente.\n Nosso cantinho especial no para√≠so, as margens do Rio Buranh√©m.\nNavegando por ele, encontrar√°‚Ä¶ https://t.co/6RSGzPvI3z', 'Chegoooooooooooooo!\nOlha esse foneeeee \nQue coisa mais linda ‚ù§‚ù§‚ù§‚ù§‚ù§\nSegundo headphone da linha pulse que eu compro\nT‚Ä¶ https://t.co/ilqlvrHS0y', 'Seguimos cumprindo todos os protocolos e normas para a retomada.\nBom final de semana!\n#cuidardasaude‚Ä¶ https://t.co/TjE2vMDhvp', 'Essa √© a nossa bela Porto Seguro.\nFotos: misturaurbanadigital em Porto Seguro https://t.co/sMJyN2Grjs', '#tbt que saudades! üò¢ em Porto Seguro https://t.co/edQNtX1yoB', 'Considerando a necessidade de conter a dissemina√ß√£o do Novo Coronav√≠rus, fiica estabelecido PONTO FACULTATIVO nas r‚Ä¶ https://t.co/xPshPzhUFS']
-23.8875008,-45.4463997,[]
-18.8723546,-47.558252,[]
-20.7794437,-41.9955559,[]
-15.7331715,-43.319436,[]
2.0775101,-50.8582001,[]
-9.8723024,-56.1051153,[]
-22.9251764,-42.0793358,[]
-21.6982994,-41.3017006,[]
-10.7879314,-65.2810755,[]
-3.1255233,-58.4829472,[]
-19.6616001,-43.8964005,[]
-22.1971847,-49.9271711,[]
-5.8113799,-61.2783012,[]
-9.8685031,-67.8962418,[]
-22.9293174,-43.7165494,['Que doideira üôÑ', '‚úåüèæ https://t.co/bcOKupYsb7']
-23.9280567,-46.2997208,['R√©gua üòÖ https://t.co/nsAKVIuG3V']
-23.0379986,-45.5165385,[]
-15.3551998,-38.9990005,[]
-8.1552601,-70.7833023,[]
2.22347,-55.9460983,[]
-4.2556701,-69.9357986,[]
-16.5352992,-39.1133771,[]
0.606395,-69.1867374,[]
-21.9857963,-47.3419156,[]
-21.6972042,-51.0964927,[]
-22.5815138,-47.8954283,[]
-22.9752998,-44.3070984,['Natureza e muito lindaüê¢üòç https://t.co/VGDb617WP9', 'Os trabalhos n√£o para. https://t.co/2RdlIiFOLp', 'Cara de mal https://t.co/MIGonb1cyE', 'Ei, Bacana oque te fez t√£o bom assim?\nOque c√™ d√°, oque c√™ deu, oque c√™ fez por mim?', 'Mais um dia tomando caf√© na praia', 'Saudade de ir pra algum lugar  ne filhaüòú https://t.co/oRasvcgfrg', 'Clima d montanha']
-22.2455559,-48.2577782,[]
-21.2756996,-51.2831993,[]
-21.4671993,-48.3671989,[]
-20.8772221,-47.585556,['Batatais SP.']
-20.9004002,-48.4733009,[]
-22.9333124,-48.4663513,[]
-23.6861115,-47.5574989,[]
-24.8708324,-47.7583313,[]
-21.1492004,-48.9887009,['Tentando voltar (@ Pista De Corrida - Aeroporto De Catanduva in Catanduva, S√£o Paulo) https://t.co/dDIOHh5FVv', 'Echarpe Festa com Len√ßo para amarrar com la√ßo.  O lencinho d√° para usar separado tamb√©m.  Veja na Loja Virtual link‚Ä¶ https://t.co/HvVcSQ7Bwl', 'Um antes e depois de respeito! üòç\n\nPolimento detalhado que se fala? üòâ\n\n#Spacar\n#ApaixonadosPorCarros\n#Catanduva‚Ä¶ https://t.co/gomh7roEys', 'Bom dia üå∫\n.\nCome√ßar o dia com um Kit desse, √© muita fofura junto...!!!\n.\nLixeira para Carro e Bolsinha Cloutch.\n.\nV‚Ä¶ https://t.co/ruEMIB3i3a', 'Ai a pessoa pira logo cedo. Amarra len√ßo para esconder os fios brancos,  depois mostra,  da√≠ embara√ßa os cabelos, r‚Ä¶ https://t.co/S8g2wp5gdb', 'Pirei nesse len√ßo.  √â dupla face mas bem leve d√° para fazer v√°rios looks. Comecei a usar len√ßos na cabe√ßa estou ama‚Ä¶ https://t.co/CETLC0OyKX', 'Seja luz em meio a escurid√£o! üçÄ‚ù§Ô∏èü§úüèøü§õüèª\n.\n.\n#afrohair #afro #negros #pretos #pretosnopoder #pretosnotopo em Catanduva‚Ä¶ https://t.co/okgw5UK74M', 'Mochilinha da Minnie üå∫\nGostou??? Encomende j√° a sua pelo whats (17) 98192-4363\n.\n.\n.\nValorize o artes√£o e ajude os‚Ä¶ https://t.co/dyTurXGbbD', 'Vamos levar a vida, pq da vida nada se leva!!! em Catanduva, S√£o Paulo https://t.co/uI9Fl8U4gd', 'Pashimina na Cabe√ßa como Turbante nos dias de "bad hair" e na transi√ß√£o de cabelos grisalhos. Est√£o na promo√ß√£o est‚Ä¶ https://t.co/90n2BFjZVf', 'Ontem foi massa (Live Solid√°ria) projetoraizes.catanduva.\nAgrade√ßo a voc√™ marcelo.catanduva  pelo convite e por acr‚Ä¶ https://t.co/66qWPCh6pe']
-17.4384326,-44.9364305,[]
-3.470131,-68.9239844,[]
-23.1541672,-49.208889,[]
-12.8633327,-46.1624985,[]
-24.0711117,-46.8294449,[]
-22.228611,-46.9700012,[]
-22.5571008,-42.1108918,[]
-20.3261108,-48.8283348,[]
-22.9361115,-44.0986099,['O som j√° rolou ao vivo na live ontem! To emocionada! #UltimaVez ‚ù£Ô∏èüëÅ em Cond. Aero Rural - Bom Jardim https://t.co/kJ5991KAaC']
-22.6124992,-50.0955544,[]
-20.8512625,-50.0830774,[]
-22.4827785,-49.9838905,[]
-23.3079151,-47.933738,[]
-21.1282207,-48.8444435,[]
-19.8880558,-50.5141678,[]
-16.95611,-53.57,[]
-22.4402771,-47.7016678,['√â ego√≠smo deixar algu√©m depois de avisar mil vezes que as atitudes dessa pessoa tem te machucado ?', 'N√£o espere que eu seja sempre agrad√°vel e am√°vel, pois haver√° momentos que eu serei frio, inconsequente e dif√≠cil de entender.', 'Banhado da lua. https://t.co/T23xqoxXPT', 'Hoje ela perguntou como estava, a√≠ falei que n√£o √© uns dos melhores dias. Passou um tempo me trouxe um kit churros de cappuccino ‚ô•Ô∏è', 'J√° volto', 'A m√∫sica liberta e me ajudou nesta madruga', 'Sobrevivi, com a Gra√ßa de DeusüôèüèΩ', '√Äs vezes sinto que o p√¢nico quer fazer morada, est√° madruga mesmo a nave bateu', '+ um dia cuidando da sa√∫de mental', '+ um dia de corrida üôåüèΩ', 'Ins√¥nia exalando por aqui', '@mrzanatta @polykie A√≠ to curioso üòÇüòÇüòÇüòÇ', 'Consagrados, correr eu corro, agora praticar ex√©rcicios, muscula√ß√£o eu n√£o aguento üòÇ', 'Fui corre e j√° voltei .. ufa, suei em üî•üòÇ', 'Bom diaaaaa']
-23.5702782,-48.8633347,[]
-22.4666996,-51.2008018,[]
-23.6658616,-48.0725945,[]
-20.7649994,-50.856945,[]
-20.6759831,-51.0300778,[]
-20.4230995,-48.5671997,[]
-20.4931987,-49.186466,[]
-22.0680561,-56.7024994,[]
-21.8544797,-48.2952557,[]
-22.0676905,-52.1518388,[]
-22.289693,-52.2561009,[]
-23.4746068,-49.5457764,[]
-22.414444,-46.8088875,[]
-21.8705559,-52.1630554,[]
-9.157964,-40.9377188,[]
-21.6313896,-50.8088875,[]
-20.2769432,-48.1819458,[]
-22.1834415,-49.6556924,[]
-22.3672218,-49.9469452,[]
-21.9122219,-49.8574982,[]
-21.4950351,-50.7360944,[]
-23.2244434,-48.7961121,[]
-22.5249996,-50.0458336,[]
-20.9274998,-50.7433319,[]
-21.8719444,-49.980278,[]
-22.4925003,-46.8436127,[]
-22.1581001,-46.7752991,[]
-24.1647224,-46.7855568,[]
-23.0415176,-45.7717568,[]
-23.3497219,-47.3277779,[]
-20.3698744,-47.7724815,[]
-20.1555557,-49.9347229,[]
-22.192088,-47.8599717,[]
-21.2307994,-48.2852386,[]
-22.7300419,-49.4787989,[]
-20.2897085,-50.5453411,[]
-21.1005554,-47.7505569,[]
-20.8291664,-51.0078938,[]
-22.0172215,-46.8408318,[]
-20.8098698,-48.2241605,[]
-21.7867324,-47.0611792,[]
-22.3036118,-49.4622231,[]
-13.82915,-44.4681554,[]
-9.1555405,-40.0914001,[]
-23.2250004,-49.1791687,[]
-21.4910079,-47.0370719,[]
-22.4365763,-48.4031653,[]
-20.2577,-48.7886009,[]
-22.1892179,-50.2747575,[]
-15.1732319,-59.1720745,[]
-12.295278,-55.536944,[]
-21.7492033,-51.0168841,[]
-10.9724969,-41.0707999,[]
-11.0397022,-38.7891249,['#fato#verdades#amordemais‚ù§ #chowchow #apolonetoüê∂üêï em √Åguas Termais Caldas Do Jorro Bahia https://t.co/oupahgm27g', '#emcasa\nDe hojeeeeeeee... em Caldas do Jorro, Bahia https://t.co/HIH0StGAAo']
-8.7362373,-39.1182323,[]
-6.04778,-50.5797005,[]
-14.4812454,-42.2645285,[]
-22.5989856,-42.0282195,[]
-20.4671884,-50.1434754,[]
-22.4831009,-48.5245018,['Gra√ßas a Deus mais um final de expediente conclu√≠do com seguran√ßa e sucesso! #raizen']
-22.9208336,-51.351944,[]
-13.4447277,-57.7828406,[]
-11.4412825,-52.2040305,[]
-21.6231003,-48.3525009,[]
-18.0,-54.6958333,[]
-21.6306,-48.3928986,[]
-22.4099998,-46.9053001,[]
-21.8480556,-57.8991667,[]
-23.0661864,-43.8798241,[]
-22.2772007,-48.6044998,[]
-14.1125,-50.6808333,[]
-15.5003174,-55.3797922,[]
-21.6329002,-48.4790993,[]
-22.4813007,-51.5294649,[]
-22.1994438,-51.9736099,[]
-13.1000004,-56.9527779,[]
-21.4978008,-49.2344017,[]
-23.6197224,-46.9836121,[]
-14.965769,-54.0589687,[]
-21.7643174,-48.5827011,[]
-9.5050677,-54.0055639,[]
-10.7797654,-53.0732174,[]
-22.7453003,-43.4603004,["I'm at moquet√° (Nova Igua√ßu) https://t.co/9kq2bl0Gmb", 'Eu estou s√≥ de passagem, a gnt se v√™ mais tarde por a√≠... at√© breve Rio de Janeiro! https://t.co/cesWYrBsbb', "I'm at Ra√≠zes Bar &amp; Pub in Nova Igua√ßu, RJ https://t.co/Abmo1j1Kka", 'De hj mas sedo https://t.co/u8HNPH1QKN', 'Ainda.. kküôÖüèæ\u200d‚ôÇÔ∏è']
-17.8449993,-54.7688904,[]
-5.4886111,-45.4886111,[]
-21.425606,-46.7546474,[]
-5.8373223,-45.5307228,[]
-5.7197638,-45.7822502,[]
-12.441389,-56.406944,[]
-6.7631001,-51.0499001,[]
-21.7796861,-47.8836105,[]
-8.100833,-58.284444,[]
-22.9274998,-44.0800018,[]
-22.15278,-51.02861,[]
-21.0544434,-51.4061127,[]
-21.4099998,-50.0335999,[]
-23.2933445,-48.8143967,[]
-24.6499996,-50.3624992,[]
-21.18861,-55.7344,[]
-20.8986111,-55.7099991,[]
-16.1358171,-58.513568,[]
-13.41,-55.233611,[]
-23.867778,-48.805278,[]
-15.3972216,-52.0747223,[]
-23.875737,-48.0495824,[]
-22.1819439,-50.8658333,[]
-21.6424999,-47.4711113,[]
-22.7461109,-44.0508347,[]
-20.8444443,-54.5261116,[]
-16.4655552,-54.7119446,[]
-21.6938896,-50.9361115,[]
-18.7775,-49.231667,[]
-17.9669437,-57.0330544,[]
-22.9537013,-54.8409619,[]
-21.6872215,-57.3580551,[]
-19.9958324,-47.5238876,[]
-22.2955551,-49.2122231,[]
-22.758117,-48.5427903,[]
-22.0038891,-51.8111115,[]
-21.7236118,-47.6569443,[]
-21.3359014,-48.1696803,[]
-23.1277673,-46.5747188,['A granola https://t.co/DaX52StC4r', 'Acho curioso quando vejo algu√©m que se autoproclamou ‚ÄúInfluencer‚Äù, influ√™ncia n√£o deve ser objetivo e sim consequ√™ncia de um bom trabalho üöÄ', 'Quando ser√° que uma empresa vai me mimar com produtinhos pra cabelo', 'Perdi a live de civil, entrei no link no √∫ltimo minuto de aula e a professora estava se despedindo dos aulos e cito‚Ä¶ https://t.co/dRQyvPlOGE', 'Esqueci de comprar Buscopan mas segue a vida pq tomar isso √© a mesma coisa q nada', 'Parece que tem um bicho me roendo por dentro', 'amanh√£ 6 meses com o ga nem parece que to deis de 2017 querendo beijar ele', '@_RobertHofstede @Ambiente_Ec @senagua @marianocastro @GQuijandriaA @GIAndradeP @Brigittelgb @manuel_rodb @UICN_SUR‚Ä¶ https://t.co/G2GiUfHgIv', 'Agora sim, t√° funcionando o app do Twitter.\nAntes n√£o tava abrindo o teclado.\n\nPra fazer o Tweet do v√≠deo, escrevi‚Ä¶ https://t.co/Eh9zpiK9W7', 'krl vou surtar kkkkkkkkkkkkkkkk', 'Mais um trechinho do Posse de Bola #38 desta segunda-feira\nMAURO CEZAR: NOVO PATROC√çNIO DO FLAMENGO √â M√âRITO DA POL‚Ä¶ https://t.co/UpdfLSO6pq', 'No Posse de Bola #38\nARNALDO RIBEIRO: S√ì PATROCINAM O FUTEBOL BRASILEIRO OS MECENAS OU O ESTADO https://t.co/GDadBUgAtS via @YouTube', 'Vamo testar e ver qual√© que √© https://t.co/WUPUrDQSor', 'Mas votem em v√°rios outros tbm pq tem mta coisa boa e √© imposs√≠vel escolher um s√≥ ü§∑üèª\u200d‚ôÇÔ∏è', 'OLHA ‚ÄúTE ENCONTRO √ÄS ONZE‚Äù PARTICIPANDO! VOTEM NELE! ‚ù§Ô∏è‚ù§Ô∏è‚ù§Ô∏è https://t.co/3BMWhi236y']
-23.2199993,-49.075901,[]
-23.3318184,-47.8783355,[]
-23.2240062,-44.725506,['Consider myself blessed to grow up in the middle of nature, literally. But after so many years just coming back hom‚Ä¶ https://t.co/PObvvJvY8j', 'achei aqui na galeria e fez todo o sentido, um bom dia com esse belo registro do alvorecer e uma mensagem de que va‚Ä¶ https://t.co/de0Mohgj9D', 'O que muda na mudan√ßa,\nse tudo em volta √© uma dan√ßa\nno trajeto da esperan√ßa,\n#bomdia #vidaorganizada #narureza‚Ä¶ https://t.co/EnylrEAXU2', 'Uhuuu hj teve um pedal top por Sampa!! üö¥\u200d‚ôÄÔ∏èüö¥\u200d‚ôÄÔ∏è.\n.\n\nE aos poucos vou aumentando os kms no pedal.\nHj foi um passeio‚Ä¶ https://t.co/msTRIjwdtW', 'Que do nosso caos flore√ßam l√≠rios üíê em Paraty, Rio de Janeiro, Brazil https://t.co/zeq6Ex9YhQ', 'Gosto de ser meu pedacinho de mundo, andar por aqui e sentir esperan√ßa de dias melhores e coisas mais bonitas. Sigo‚Ä¶ https://t.co/6Daz8PNmz9', 'Acabou de publicar uma foto em Paraty, Rio de Janeiro, Brazil https://t.co/8p3wZxO0g6', 'Bom Dia!\nQue o Deus da esperan√ßa vos encha de toda alegria e paz, em vossa vida de f√©. Assim, vossa esperan√ßa trans‚Ä¶ https://t.co/nEuYfS1trF', 'Me colocar em primeiro lugar por que eu sou uma pessoa completaüíôüåª em Paraty, Rio de Janeiro, Brazil https://t.co/1NY6J2hlq5', 'A dieta come√ßa firme assim!!\nSopinha com gengibre em Corisco Lar Doce Lar. https://t.co/bt5w9noxZy', '√â com imensa gratid√£o que venho comunicar que estou entre os selecionados ,a participar do Grande concurso que est√°‚Ä¶ https://t.co/9yhccXwK6k', 'Find what you love and let it kill you. (Charles Bukowski)\n\n#tbt 2013 em Paraty, Rio de Janeiro, Brazil https://t.co/swnhlckNEH', 'Bora acordar seu povo!!\nBom diaaa \n#caf√©damanh√£ em Corisco Lar Doce Lar. https://t.co/YmdC4ABl8L', 'Ajude A POUSADA RUMO DOS VENTOS a esperar por voc√™ e ganhe cr√©ditos em dobro para se hospedar at√© 2021*! Voc√™, como‚Ä¶ https://t.co/wJhB6hcg84', 'Amo esse cara como parte de mim mesmo \nDa minha hist√≥ria \nDa forma√ß√£o do meu car√°ter \nDa influ√™ncia em minha person‚Ä¶ https://t.co/mrc6n2aAvT']
-21.1219444,-47.9522209,[]
-21.2563024,-49.7942442,[]
-18.2307277,-51.2046668,[]
-20.8833332,-57.417778,[]
-20.3413887,-54.4158325,[]
-21.2469444,-50.4902763,[]
-20.3261108,-55.1005554,[]
-20.5419445,-51.3574982,[]
-20.1191673,-57.1119423,[]
-3.508611,-56.315834,[]
-21.5115944,-50.1217854,[]
-21.080556,-57.497222,[]
-21.5424995,-53.3430557,[]
-14.0966673,-52.9019432,[]
-21.2170105,-41.8713534,["I'm listening a lot better", 'Deus estando no controle, n√£o h√° tempestade , vento que te derrube ‚ú®üôèüèø', 'Participar do Camp pra terminar a hist√≥ria que n√£o consegui terminar no de Abril https://t.co/nPKPFEswkV', 'As paradas que q a Kamilla posta no tt de vez em quando da vontade de tatuar https://t.co/eQpSaD4i90', '@BarbaraZampier @papaididicolife @junior_esposti üòÇüòÇ', '@beatriz23750 @andrizek Fizeram um esc√¢ndalo pelo fato do @ribasdiego10, peladar de m√°scara com sua fam√≠lia. Dois pesos, duas medidas.', 'Jackson pra mim sempre ser√° o primeirooooooo https://t.co/X4ePumj8Vg', 'ganhei meu diaaaaa pqp', 'pq geral resolveu assistir dark???', '@euthaissg n acredito nisso.. se sei q √© uma rela√ß√£o t√≥xica do crlh vou apoiar???', 'Mato e morro por vcs amo mais que tudo nessa vida.üíìüë®\u200düë¶\u200düë¶ https://t.co/Jn9NEDcQ9J', 'Calma, tudo √© fase.üòâ', 's√≥ quero minha cama', 'Amigos fot√≥grafos, isso sim √© ensinar a fotografar kkkk luz e cena √© caf√© de concession√°ria https://t.co/3sD4kbMPCz', 'mateu hj, tava uns 4 dias sem feij√£o pq minha panela de press√£o estragou, quase morri https://t.co/tSVAiOZKjE']
-25.0531291,-50.1890023,[]
-7.956111,-57.8388901,[]
-21.91111,-50.86833,[]
-23.0058183,-46.636751,[]
-14.649393,-57.4996186,[]
-8.7159738,-50.4557811,[]
-22.2451983,-43.7117898,['Paizinhoooooo, nossa √∫ltima foto juntos...#semfiltroüì∏ mesmo..Como d√≥i meu cora√ß√£o...O Sr.fara muita falta . em Resi‚Ä¶ https://t.co/clfn899FER', 'Pegam a chave do quarto dos infernos... e somem. S√©rio... mais uma vez a sociedade n√£o deixando eu manter minha ser‚Ä¶ https://t.co/gNUZog4lP5']
-23.286944,-54.841111,[]
-21.19,-57.64,[]
-21.0727997,-48.0341988,[]
-7.209722,-52.9052773,[]
-7.3602781,-54.8297234,[]
-20.4308338,-48.6049995,[]
-21.2841663,-48.1627769,[]
-21.1886005,-49.9361,[]
-8.17,-35.63,[]
-8.7255572,-53.3922782,[]
-19.9983555,-47.8075206,[]
-23.1946657,-47.0668877,[]
-10.063611,-52.996666,[]
-20.3474998,-48.7724991,[]
-21.078315,-51.1477386,[]
-21.7073723,-57.7414022,[]
-21.2643906,-48.3567713,[]
-14.1196087,-47.527108,[]
-4.2386112,-48.4766655,[]
-18.4915067,-53.1656067,[]
-20.723164,-50.9711972,[]
-20.9069443,-51.5755577,[]
-22.2249156,-57.1555171,[]
-19.4355564,-55.0627785,[]
-21.3433323,-51.251667,[]
-23.7837105,-48.3427352,[]
-13.1066666,-55.9930573,[]
-17.9174995,-45.4025002,[]
-22.603889,-47.411944,[]
-22.5870132,-51.299882,[]
-27.1735716,-48.6311996,[]
-22.0055561,-49.4111099,[]
-22.8903999,-45.4933014,['Queria fechar minha canela logo', 'Ps: sinto sua falta todo maldito dia', 'Amiri √© monstro sagrado, n√£o imaginava ver ele rimando assim\nTrapzada kkk\nMuito fodaaa\nBrabo @I_Amiri https://t.co/AUfmW8ObKy', 'Te marcar aqui pq vc n√£o pode ser marcada em foto @rxxssx_', 'Seu anivers√°rio foi ontem mas vou dar parab√©ns hoje pra falar que vc t√° de parab√©ns todo dia, te desejo s√≥ coisa bo‚Ä¶ https://t.co/6W5KlrSML9', 'acabou comigo KKKKKKKKKKK https://t.co/0YN0CQRH4h', '@Jvjeronimo27 Vamo, meu sonho üòç', 'O Renan qnd tinha reca√≠da cmg https://t.co/O4nHgqtG2W', '@Jvjeronimo27 Uma prima dessas pfv üôè', 'Esses dias o Renan peidou na minha cara e eu quase gorfei com o cheiro, pqp', 'N√£o deixem o relacionamento de voc√™s chegarem no n√≠vel de peidar na frente do outro e n√£o ter vergonha pq dps √© s√≥‚Ä¶ https://t.co/PBeQxcwTvf', 'Motivo de cancelamento: estou ouvindo musica do Rappa p√≥s Yuka', 'o foda √© que eu amo provocar ele', 'Eu odeio reforma', 'Lazer de favelado √© descarregar pente de M4 pra estourar iPhone 11 de playboy mimado, aliado!']
-23.9214003,-48.8192128,[]
-20.5799999,-49.0797005,[]
-20.310833,-48.976944,[]
-22.1224995,-52.1977768,[]
-22.4826079,-49.466932,[]
-14.815556,-53.133056,[]
-21.7960982,-48.5448967,[]
-21.0088882,-57.3480568,[]
-13.7411108,-58.8855553,[]
-16.2361107,-56.9188881,[]
-20.6963997,-48.2863998,[]
-19.6297226,-55.2519455,[]
-22.7991676,-50.0461121,[]
-16.481336,-56.2705064,[]
-7.5550111,-56.1664817,[]
-20.7419434,-50.5316658,[]
-20.0991669,-55.9269447,[]
-21.8777771,-41.2947235,[]
-5.7585702,-49.1762009,[]
-24.7191677,-48.1186104,[]
-17.5289378,-44.7691803,[]
-23.0713882,-49.4324989,[]
-24.2625008,-52.7922211,[]
-21.4410808,-54.4872789,[]
-21.0962196,-50.2432262,[]
-6.4858383,-36.1370905,[]
-13.4631792,-58.7777475,[]
-21.5388889,-52.1105576,[]
-22.5033321,-51.8127785,[]
-13.3313534,-56.0530409,[]
-23.9752399,-51.3281225,[]
-17.4638882,-47.8316689,[]
-21.4972229,-55.2638893,[]
-22.4291668,-55.5333328,[]
-15.0383329,-52.0983315,[]
-23.4261282,-47.5854738,[]
-19.835556,-56.7036095,[]
-18.0233326,-56.7322235,[]
-24.0774994,-51.8194427,[]
-21.4663398,-50.7985933,[]
-20.7469444,-55.3572235,[]
-22.0424995,-52.2913895,[]
-15.4513893,-43.4052773,[]
-22.6530552,-53.393055,[]
-9.9472218,-57.4997215,[]
-16.5856214,-57.7267255,[]
-15.4049997,-53.3422203,[]
-20.0883331,-56.7247238,[]
-24.626201,-50.4639878,[]
-19.7855568,-56.4738884,[]
-20.3822212,-56.2688904,[]
-16.3872223,-57.2886124,[]
-23.4126966,-50.6015141,[]
-19.2594433,-57.0116653,[]
-17.3214874,-53.194125,[]
-21.8052788,-54.2463875,[]
-9.9131346,-60.8628091,[]
-3.593611,-59.6522217,[]
-16.1560194,-60.1107278,[]
-17.718874,-57.001182,[]
-21.7783337,-57.4958344,[]
-15.0,-55.8250008,[]
-21.9076282,-53.5125773,[]
-16.2705555,-57.8627777,[]
-15.5713892,-53.2336121,[]
-13.3366671,-53.9577789,[]
-17.1622219,-46.6599998,[]
-23.9894447,-49.1791687,[]
-19.8152771,-53.8258324,[]
-21.914444,-57.1438904,[]
-11.1977777,-58.2366676,[]
-7.5018818,-44.207258,[]
-5.455833,-46.0625,[]
-10.0716667,-49.9955559,[]
-6.6236145,-48.9960704,[]
-10.1085979,-48.326518,[]
-21.7986107,-56.5713882,[]
-17.2111111,-46.6144447,[]
-21.2188892,-47.8763885,[]
-11.6999998,-58.2180557,[]
-6.8362511,-56.8448684,[]
-20.8919449,-53.4041672,[]
-22.3644199,-51.1020856,[]
-20.4330997,-48.2243996,[]
-20.7316666,-53.6852798,[]
-18.8033622,-54.8501465,[]
-7.5945476,-56.6998223,[]
-17.4025361,-53.7192993,[]
-23.654511,-53.8334035,[]
-19.6436119,-48.7008324,[]
-13.7369442,-52.5894432,[]
-14.164444,-57.1627769,[]
-20.0069447,-57.3916664,[]
-21.4431933,-50.7253236,[]
-22.8086109,-55.5333328,[]
-17.9551486,-46.8620275,[]
-17.1444435,-56.5977783,[]
-18.577222,-57.511111,[]
-25.5401676,-49.5994969,[]
-11.7838888,-58.4533348,[]
-7.394722,-56.7647209,[]
-14.0278756,-52.154203,[]
-10.7641668,-55.4611092,[]
-9.667778,-55.9766655,[]
-20.2505569,-45.6450005,[]
-5.2891669,-46.001667,[]
-5.02,-57.7802773,[]
-18.303611,-57.506944,[]
-7.2359249,-57.106845,[]
-20.2361337,-48.6507662,[]
-18.7194443,-53.3375015,[]
-5.666667,-43.5349998,[]
-22.7564441,-53.8393793,[]
-15.0033331,-55.5011101,[]
-20.6268056,-56.7692802,[]
-13.76,-58.74722,[]
-23.0600369,-44.3145586,[]
-0.833333,-52.0525017,[]
-14.4705563,-46.8725014,[]
-3.5586109,-48.6563873,[]
-24.9296902,-53.4982167,[]
-6.392131,-56.288347,[]
-20.2253938,-50.9667354,[]
-21.727222,-56.509167,[]
-10.511873,-53.6470369,[]
-23.4949362,-53.8038458,[]
-9.3922224,-40.3574982,[]
-17.9277782,-57.6241684,[]
-5.5766668,-47.4227791,[]
-15.9730558,-46.7094421,[]
-21.0994434,-57.7158318,[]
-23.6369438,-55.1844444,[]
-18.6592007,-49.5475998,[]
-3.2855561,-49.2061119,[]
-16.7679763,-56.1716745,[]
-18.208889,-55.7530556,[]
-17.7519896,-51.1469221,[]
-22.2803614,-52.8433926,[]
-19.8383331,-47.8497238,[]
-20.3519593,-53.9690457,[]
-15.2408333,-56.5780563,[]
-23.2124996,-54.0952797,[]
-17.8755569,-54.9411125,[]
-22.7888889,-53.1977768,[]
-2.9230559,-49.7852783,[]
-20.5548731,-49.2916094,[]
-22.6494446,-53.5644455,[]
-18.3680553,-54.7769432,[]
-13.1011114,-56.5299988,[]
-8.8069439,-46.3588905,[]
-4.4130559,-46.518055,[]
-21.5080566,-56.4247208,[]
-0.794722,-52.4886093,[]
-18.0113888,-54.0161095,[]
-21.2883339,-53.710556,[]
-15.1947222,-49.3794441,[]
-21.9244442,-56.7086105,[]
-8.2283335,-37.7563896,[]
-25.4380569,-50.5277786,[]
-17.6725006,-44.5930557,[]
-21.1422215,-51.5463905,[]
-25.7943755,-53.0347823,[]
-21.4311104,-54.3769455,[]
-11.7629233,-54.3433235,[]
-15.6313887,-58.3083344,[]
-14.6422224,-56.2388878,[]
-18.3225002,-48.8441658,[]
-22.0238895,-57.9027786,[]
-21.9722214,-57.8502769,[]
-23.5058926,-54.3109267,[]
-18.0980568,-57.1533318,[]
-22.7694435,-53.9630547,[]
-21.488686,-52.4016981,[]
-18.2980556,-57.0147209,[]
-16.9003206,-39.1613252,[]
-9.5751459,-50.3515641,[]
-21.644722,-46.9333344,[]
-7.6560102,-34.8564987,[]
-14.1380997,-51.4664001,[]
-9.601944,-49.7738876,[]
-18.1057494,-45.2199461,[]
-16.4939698,-56.4212454,[]
-14.6233328,-54.479521,[]
-21.5135541,-57.6905958,[]
-14.9241874,-41.9566689,[]
-16.9935097,-48.7375616,[]
-17.0011101,-50.7427788,[]
-1.9818558,-50.8119567,[]
-3.2741671,-50.3213882,[]
-19.1572227,-52.9958344,[]
-20.6408329,-54.7905579,[]
-10.5061111,-55.710556,[]
-14.9582789,-55.8007132,[]
-17.8995124,-50.1227639,[]
-10.7166672,-52.8019447,[]
-18.3349822,-55.484491,[]
-18.132327,-49.7976249,[]
-13.5819445,-49.8205566,[]
-15.3763885,-57.1297226,[]
-20.0863895,-51.3088875,[]
-12.8950005,-58.5800018,[]
-15.8208363,-58.5566333,[]
-15.6451411,-57.4732892,[]
-12.6280556,-55.9449997,[]
-15.6491671,-46.4430542,[]
-12.3886108,-55.2427788,[]
-21.7711105,-54.3816681,[]
-10.3252783,-53.5852776,[]
-12.2393927,-50.9364199,[]
-13.6519442,-46.5413895,[]
-8.6311111,-35.2716675,[]
-12.0336113,-51.6177788,[]
-18.2672215,-54.3136101,[]
-4.3053961,-56.209303,[]
-14.7664223,-51.9859434,[]
-12.7738886,-60.8694458,[]
-19.6424999,-48.789444,[]
-13.7275,-57.0216675,[]
-16.9274239,-54.0701313,[]
-16.1240088,-58.7650821,[]
-6.8727779,-45.3027763,[]
-12.1647301,-51.6929316,[]
-18.148056,-51.2716675,[]
-12.0077617,-50.8674741,[]
-17.6341667,-50.4705544,[]
-17.4541664,-55.559166,[]
-16.8948293,-55.9074279,[]
-17.5450001,-53.8938904,[]
-0.0915197,-49.5796048,[]
-20.7011535,-49.388847,[]
-20.3847218,-53.4011116,[]
-20.8700008,-53.1549988,[]
-13.82278,-59.16278,[]
-19.3772221,-56.0561104,[]
-5.5820581,-56.6441305,[]
-7.2202778,-56.1666679,[]
-23.0141678,-53.7874985,[]
-5.106111,-57.4824982,[]
4.1083298,-60.7332993,[]
-17.6710908,-50.389887,[]
-7.4905558,-46.1444435,[]
-5.049167,-40.234167,[]
-18.2430553,-57.5561104,[]
-7.1497158,-56.639103,[]
-20.173333,-55.069444,[]
-7.0908332,-45.9541664,[]
-17.9425421,-50.3402355,[]
-13.4108334,-55.6738892,[]
-6.8233328,-45.4119453,[]
-19.7744446,-55.5216675,[]
-19.4038887,-55.8627777,[]
-14.917778,-43.3597221,[]
-20.8727779,-53.2108345,[]
-7.2328794,-56.6728592,[]
-10.1569443,-53.7016678,[]
-22.4950008,-51.9094429,[]
-11.1430305,-55.8825623,[]
-5.185833,-57.5844421,[]
-6.9278013,-56.9924953,[]
-6.7755561,-45.8916664,[]
-8.5561113,-46.8499985,[]
-10.7219439,-52.2858315,[]
-20.9773181,-54.3339495,[]
-19.6079857,-53.4992339,[]
-22.7147217,-54.0447235,[]
-17.0124282,-39.1784914,[]
-20.3177776,-51.7836113,[]
-20.8391991,-52.3016014,[]
-6.4203335,-56.0495773,[]
-7.0143857,-55.8763148,[]
-7.6844587,-55.9709856,[]
-13.7588892,-49.4772224,[]
-16.9449997,-46.2737999,[]
-23.5058835,-48.0002172,[]
-11.8759166,-55.4414504,[]
-13.2227783,-46.9530563,[]
-6.9452782,-36.6725006,[]
-16.605917,-43.7731913,[]
-12.4480816,-51.774139,[]
-14.4463892,-50.5361099,[]
-22.082222,-54.2011108,[]
-7.6288615,-56.7467442,[]
-16.9272637,-56.227916,[]
-24.7152786,-48.0263901,[]
-8.2988892,-45.7633324,[]
-10.748889,-59.3686104,[]
-23.1900907,-55.2892092,[]
-14.1334405,-57.3648154,[]
-27.212772,-50.9564807,[]
-14.1862584,-57.5505402,[]
-14.5553235,-55.8320458,[]
-9.4131285,-50.4273019,[]
-13.9320282,-57.2423804,[]
-15.5319443,-55.1377792,[]
-14.0513887,-55.3836098,[]
-14.125,-56.9361115,[]
-17.9907658,-49.5364424,[]
-17.8427773,-49.5819435,[]
-22.8672218,-54.440834,[]
-20.9621047,-53.0708139,[]
-13.7997217,-50.4891663,[]
-7.8442601,-56.6642852,[]
-18.5186119,-57.5983315,[]
-7.8550907,-56.7119112,[]
-17.5097218,-55.7688904,[]
-19.4855556,-56.4866676,[]
-20.532621,-51.0915062,[]
-18.5026923,-57.4127091,[]
-17.3833332,-47.5355568,[]
-18.0277786,-47.4597206,[]
-15.18027,-40.0924894,[]
-13.3105564,-52.8922234,[]
-4.9735173,-56.9209559,[]
-13.9844999,-59.6584015,[]
-14.0726868,-57.45035,[]
-23.8472214,-55.435833,[]
-18.1394444,-53.3647232,[]
-7.5316672,-34.8616676,[]
-9.6583328,-54.9544449,[]
-24.0,-48.6083336,[]
-19.0963898,-55.5697212,[]
-23.3083324,-49.0891685,[]
-18.9819431,-55.2916679,[]
-17.4546963,-48.2182751,[]
-11.9008331,-61.2305565,[]
-17.2555561,-51.3063889,[]
-10.2825003,-56.4691658,[]
-12.791667,-56.4986115,[]
-3.1169441,-56.5861092,[]
-5.9440585,-56.5487921,[]
-21.9500008,-46.5499992,[]
-17.4585991,-56.8405991,[]
-11.9602776,-38.0027771,[]
-23.9950008,-53.9561119,[]
-22.6079006,-48.3879013,[]
-19.9930553,-51.5141678,[]
-18.7528,-51.4730988,[]
-14.8687783,-52.1120143,[]
-21.6408329,-53.3005562,[]
-13.0041666,-61.2400017,[]
-14.1903,-51.6439018,[]
-23.0361118,-48.4405556,[]
-12.9005556,-61.1300011,[]
-13.5380523,-53.4394015,[]
-19.3544445,-56.7930565,[]
-15.0713892,-59.1533318,[]
-11.47157,-51.6883797,[]
-13.1402779,-51.8011093,[]
-13.6716654,-57.899774,[]
-13.6291782,-60.2854628,[]
-13.1875,-48.75,[]
-18.3641663,-48.8719444,[]
-4.646389,-47.2333336,[]
-16.1202774,-46.3600006,[]
-20.016499,-50.8984433,[]
-21.7252789,-48.4519424,[]
-12.9615148,-45.9758876,[]
-13.1608334,-46.2008324,[]
-12.7702468,-46.0239798,[]
-5.6791668,-54.2449989,[]
-8.166667,-54.8297234,[]
-17.8593486,-56.3796196,[]
-19.2677764,-56.0317135,[]
-19.5744438,-56.0994453,[]
-17.0136745,-44.7977524,[]
-23.8348435,-51.9039014,[]
-3.6542799,-45.3451996,['Deus n√£o quer te ver triste e nem te ver chorando, Ele deseja todos os dias que seus filhos tenham paz e sabedoria‚Ä¶ https://t.co/LVrcns3kMx']
-18.9574858,-51.1106506,[]
-21.5349828,-47.0452664,[]
-17.7211113,-53.9375,[]
-21.8621743,-54.0166788,[]
-13.189167,-52.3069458,[]
-14.5313892,-50.4086113,[]
-16.1220548,-52.9489216,[]
-16.9067893,-47.7063494,[]
-21.495453,-50.0924982,[]
-17.0727787,-50.8474998,[]
-1.71205,-58.5112,[]
-15.6808243,-55.9581037,[]
-12.4291668,-54.2563896,[]
-19.1922226,-48.1172218,[]
-22.5122985,-53.3355805,[]
-6.188056,-54.0722237,[]
-14.5500002,-45.7666664,[]
-22.8491669,-54.2061119,[]
-17.3077774,-55.8452797,[]
-19.4561119,-55.7408333,[]
-19.5183334,-55.3119431,[]
-19.6186104,-56.7430573,[]
-22.1269436,-57.289444,[]
-19.4122219,-55.5497208,[]
-18.6630554,-54.0686111,[]
-12.8500004,-48.2252769,[]
-18.6800003,-57.2249985,[]
-19.7469444,-56.0422211,[]
-20.1605568,-57.1580544,[]
-22.1542193,-49.3024488,[]
-13.54498,-52.2111668,[]
-6.9662078,-56.4738606,[]
-12.3191671,-55.333889,[]
-18.1827774,-56.7825012,[]
-17.3188889,-50.3202778,[]
-18.1177788,-56.6411095,[]
-17.5647221,-56.7866669,[]
-17.8691673,-56.1938896,[]
-17.6473257,-56.8981021,[]
-13.0111113,-46.2380562,[]
-13.0105562,-46.1077766,[]
-19.9905567,-50.2661095,[]
-8.3827782,-46.4422226,[]
-20.2947216,-50.4105568,[]
-5.521111,-57.1074982,[]
-15.6444276,-55.9901437,['Meu mini mascarado. em Supermercado Bom Jesus Industri√°rio https://t.co/G3ykIrsnFX', "I'm at Casa dos Campos in Cuiab√°, Mato Grosso https://t.co/Vzrt33shit", "I'm at Supermercados Bom Jesus in Cuiab√°, MT https://t.co/hT32LWarjL", "I'm at Casa dos Campos in Cuiab√°, Mato Grosso https://t.co/1Uf4h5oY7V", "I'm at Casa dos Campos in Cuiab√°, Mato Grosso https://t.co/A6poxvt5i3", "I'm at Supermercados Bom Jesus in Cuiab√°, MT https://t.co/RNZ40X5CWl", "I'm at Casa dos Campos in Cuiab√°, Mato Grosso https://t.co/Y1X5oltOTw https://t.co/shQxlgbNRw", "I'm at Souza‚ÄôHome in Cuiab√°, MT w/ @thisvictoor https://t.co/mwDmIgV3Wr", "I'm at Supermercados Bom Jesus in Cuiab√°, MT https://t.co/n8GVNXa1UH"]
-17.2350006,-55.2266655,[]
-12.5966673,-49.518055,[]
-12.5597926,-49.8656744,[]
-18.3744985,-54.9309072,[]
-18.0366669,-50.1994438,[]
-12.9108334,-61.3688889,[]
-22.959444,-48.6747208,[]
-12.5238886,-58.2355576,[]
-10.0930557,-57.726944,[]
-18.7600002,-48.7552795,[]
-15.938056,-46.4775009,[]
-12.7983332,-46.0958328,[]
-3.7022221,-56.0538902,[]
-13.5850425,-57.4640847,[]
-12.9018925,-45.5001016,[]
-12.8033393,-45.7236099,[]
-6.0837127,-56.2922645,[]
-19.3380566,-56.9077797,[]
-20.6088886,-57.5541687,[]
-9.4286108,-51.0269432,[]
-13.6625004,-56.4827766,[]
-23.816756,-54.2553525,[]
-14.5958554,-50.1470494,[]
-8.8927784,-58.5497208,[]
-11.7865136,-55.5438497,[]
-13.7082679,-46.743219,[]
-22.0900002,-52.6749992,[]
-22.9831282,-55.0202223,[]
-21.3754692,-52.196254,[]
-12.091491,-55.9948734,[]
-7.3726996,-44.3954669,[]
-18.1200008,-52.2177773,[]
-11.1822224,-61.0888901,[]
-6.0935401,-49.3576899,[]
-12.9536114,-58.5902786,[]
-27.8242711,-49.2362583,[]
-13.9513893,-57.1055565,[]
-20.2763882,-53.6616669,[]
-11.0193395,-52.3678511,[]
-19.310659,-48.3430069,[]
-19.8324641,-54.8364418,[]
-13.8786106,-60.0963898,[]
-17.2908201,-43.9552873,[]
-4.941025,-47.4617306,['@Flamengo Bom dia Flamenguista']
-13.2455559,-54.0338898,[]
-21.2444439,-52.7861099,[]
-19.9172211,-52.6313896,[]
-13.5502777,-58.8600006,[]
-23.4063004,-54.7478477,[]
-22.2966671,-54.9413872,[]
-17.7819443,-53.4611092,[]
-19.0986118,-55.8477783,[]
-26.9919434,-50.3830566,[]
-19.5252409,-50.6576047,[]
-13.3159929,-40.876424,[]
-20.3466663,-53.4569435,[]
-20.7553005,-46.7501984,['Agora vc tem uma nova forma de comprar Avon sem sair de casa üëèüëèüëè Aproveite as promo√ß√µes basta acessar o link e faze‚Ä¶ https://t.co/31aSLrTEmd', 'Agora vc tem uma nova forma de comprar Avon sem sair de casa üëèüëèüëè Aproveite as promo√ß√µes basta acessar o link e faze‚Ä¶ https://t.co/W2gx95jgkf', '\'Esparrame GENTILEZAS e DELICADEZAS\nnenhuma delas ser√£o em v√£o, pois cada passo dado quem se TRANSFORMA √© voc√™ !"‚Ä¶ https://t.co/QZ9HlKbk7n']-20.7553005,-46.7501984,['Agora vc tem uma nova forma de comprar Avon sem sair de casa üëèüëèüëè Aproveite as promo√ß√µes basta acessar o link e faze‚Ä¶ https://t.co/31aSLrTEmd', 'Agora vc tem uma nova forma de comprar Avon sem sair de casa üëèüëèüëè Aproveite as promo√ß√µes basta acessar o link e faze‚Ä¶ https://t.co/W2gx95jgkf', '\'Esparrame GENTILEZAS e DELICADEZAS\nnenhuma delas ser√£o em v√£o, pois cada passo dado quem se TRANSFORMA √© voc√™ !"‚Ä¶ https://t.co/QZ9HlKbk7n']
-11.7941666,-38.0908318,[]
-4.978777,-56.9268193,[]
-15.8688889,-59.2188873,[]
-8.375,-55.3061104,[]
-20.7766666,-52.7772217,[]
-8.4966086,-60.9579096,[]
-12.7216673,-52.3786125,[]
-3.2498817,-51.7220376,[]
-12.6824999,-61.0888901,[]
-10.0288887,-56.7383003,[]
-13.5322218,-58.7652779,[]
-20.4663887,-52.6875,[]
-13.1925001,-47.1155548,[]
-7.8331584,-56.5402388,[]
-21.7194443,-44.2094421,[]
-9.9611111,-49.7519455,[]
-14.0494442,-60.1519432,[]
-3.2933331,-56.1847229,[]
-19.5055561,-55.6130562,[]
-2.8981246,-48.9614075,[]
-13.6339572,-57.8992351,[]
-9.8996683,-58.5819521,[]
-9.2913895,-58.0330544,[]
-3.5133331,-54.0955544,[]
-7.4229811,-56.33742,[]
-17.4427776,-53.8088875,[]
4.7031877,-60.267402,[]
4.0630598,-60.1650009,[]
4.54111,-60.4631004,[]
5.130519,-60.5888901,[]
-6.0805559,-56.3891678,[]
2.37556,-63.0083008,[]
4.17167,-60.5435982,[]
4.8135431,-60.4701471,[]
4.4702802,-60.7780991,[]
4.42694,-60.8238983,[]
4.1700001,-59.7486,[]
4.4497199,-60.4392014,[]
4.6667362,-60.2927345,[]
-15.5019436,-57.7672234,[]
2.72,-63.5675011,[]
-15.7155561,-57.7113876,[]
3.2249999,-63.1994019,[]
2.4977801,-63.7296982,[]
2.1763236,-59.7843599,[]
-4.2136111,-46.9749985,[]
0.5996428,-59.2230555,[]
3.4404175,-60.357095,[]
4.4614228,-60.1010744,[]
4.15167,-61.4277992,[]
4.7269402,-60.5905991,[]
5.0845696,-60.38006,[]
2.98,-60.0952988,[]
4.3581907,-60.0366263,[]
2.1312786,-59.8258546,[]
3.38556,-60.4077988,[]
1.7410685,-62.2856064,[]
4.359731,-59.9773419,[]
4.42167,-60.4897003,[]
4.4530602,-59.8539009,[]
4.7380826,-60.0329701,[]
-17.9355564,-54.9261093,[]
2.72278,-62.9502983,[]
4.57056,-60.9030991,[]
4.1608809,-60.2113138,[]
3.3305058,-62.9712286,[]
3.2826715,-63.849978,[]
4.456347,-60.268183,[]
4.7100948,-60.4759597,[]
4.7013898,-60.7336006,[]
4.9299998,-60.3218994,[]
3.8099999,-60.0903015,[]
4.4699998,-60.8624992,[]
4.2874999,-60.2569008,[]
4.17332,-60.1397177,[]
-23.4593799,-54.2996082,[]
4.4902802,-60.9906006,[]
4.9966415,-60.436067,[]
4.9398001,-60.4605981,[]
4.4699998,-60.176899,[]
4.5797491,-60.8661823,[]
4.5016699,-60.8022003,[]
-6.6189102,-56.6928122,[]
1.99,-59.9571991,[]
4.6380554,-60.1759279,[]
2.60694,-63.8694,[]
-18.0272217,-55.4602776,[]
-13.9131025,-56.0838309,[]
-15.4355611,-51.5893555,[]
-12.0816669,-61.6399994,[]
-13.6202784,-57.5808334,[]
-13.9997215,-55.9452782,[]
-10.2222223,-64.3433304,[]
-18.6736107,-57.123333,[]
-7.1248774,-55.4002528,[]
-17.4883652,-40.1571789,[]
-1.307222,-48.2574997,[]
-13.0372219,-51.7138901,[]
-18.4281701,-50.2579974,[]
-9.6338892,-55.226944,[]
-18.4103447,-52.6335615,[]
-13.2569964,-58.7293547,[]
-9.8846895,-63.0487825,[]
-22.0258907,-57.9681564,[]
-4.8691669,-47.3891678,[]
-19.3155556,-52.9766655,[]
-10.6324997,-58.4449997,[]
-18.8724995,-56.7891655,[]
-14.1341667,-59.8197212,[]
1.0194401,-50.2139015,[]
-14.4642218,-54.0347324,[]
-12.8289564,-46.2535022,[]
-12.6120708,-46.2476273,[]
-11.6861115,-60.6297226,[]
-6.1252657,-56.3996136,[]
-16.1894436,-48.0780563,[]
-15.4127779,-48.6341667,[]
-12.360273,-46.1353708,[]
-21.9747441,-54.1489813,[]
-9.8569441,-56.0044441,[]
-16.3197212,-47.2252769,[]
-14.9799995,-57.9916687,[]
-7.118914,-56.809124,[]
-12.9763889,-56.1836128,[]
-12.9019442,-56.3719444,[]
-13.201777,-46.2395959,[]
-8.3271444,-51.1049118,[]
-19.3707564,-56.3426871,[]
-13.3555555,-57.7550011,[]
-9.4009193,-66.6958387,[]
-17.3609527,-56.7736429,[]
2.6971767,-60.8061269,[]
-2.859125,-50.9890867,[]
-21.1425248,-50.9005071,[]
-20.1686115,-43.9269447,['Que saudade de dar rol√™ por a√≠ despreocupado de consequ√™ncias\n\n#meuslocaisfavoritosdacidade em Alphaville Nova Lima https://t.co/9WRbvkGaOR']
-21.5091667,-48.1972237,[]
-3.5247221,-53.3861122,[]
-10.6051967,-48.3490663,[]
-5.7748426,-52.6222798,[]
-10.1130562,-52.5050011,[]
-14.8272219,-59.6880569,[]
-8.4069667,-45.441546,[]
-7.6390019,-56.786071,[]
-9.2364289,-50.9286244,[]
-14.4586105,-56.0527763,[]
-20.5305557,-50.6349983,[]
-20.1324997,-56.3711128,[]
-17.0541668,-50.9283333,[]
-21.3436108,-51.4033318,[]
-14.3694439,-54.0024986,[]
-13.3878204,-57.6175703,[]
-22.7897224,-54.5977783,[]
-18.6611118,-57.6238899,[]
-21.0727787,-55.128334,[]
-6.3183777,-55.794277,[]
-19.8413887,-49.6883316,[]
-19.5155563,-52.6047211,[]
-17.5222729,-42.3811556,[]
-19.0061111,-50.9522209,[]
-12.9536114,-56.3183327,[]
-12.5048788,-55.6925724,[]
-23.5616101,-53.7968573,[]
-22.1816673,-50.4925003,[]
-15.4640778,-55.6201936,[]
-13.061944,-62.2574997,[]
-14.4502783,-57.8005562,[]
-24.5277786,-50.3658333,[]
-21.1166668,-54.4497223,[]
-22.979695,-51.5469286,[]
-20.8820222,-50.9846943,[]
-13.375,-46.8974991,[]
-14.1438894,-57.7805557,[]
-12.7284914,-56.4992741,[]
-22.3688889,-43.2513885,[]
-13.2386112,-49.7094421,[]
-13.582778,-57.5594444,[]
-11.4741669,-57.9211121,[]
-4.3031732,-47.5848204,[]
-13.6258326,-46.1397209,[]
-15.1833972,-60.2192888,[]
-21.9902782,-55.1130562,[]
-19.2362773,-47.5004234,[]
-13.4536114,-59.2602768,[]
-14.3599997,-57.917778,[]
-22.8777771,-49.0377769,[]
-19.7391663,-52.6061096,[]
-15.0712323,-51.155993,[]
-14.0266769,-46.870968,[]
-15.0916672,-60.121666,[]
-20.4591675,-49.5336113,[]
-18.8177776,-53.8650017,[]
-19.3589308,-47.1290267,[]
-9.8921961,-56.1304877,[]
0.2903364,-53.871855,[]
-15.8993998,-52.2411003,['Infelizmente Aragar√ßas entra para as estat√≠sticas fatais da Covid.\n\nExpresso aqui minhas condol√™ncias em solidaried‚Ä¶ https://t.co/G4xHULSUtI', 'Igor Vinicius, meu querido filho, parab√©ns pelo super dia, feliz anivers√°rio. em Aragar√ßas, Goias, Brazil https://t.co/GPRU16D4UY', 'As autoridades e as leis premiam a ingratid√£o de muitas fam√≠lias aceitando os asilos, mas aboliram em absoluto os o‚Ä¶ https://t.co/4F7RdZLzFf', 'Opera√ß√£o presen√ßa pra valer. em Nova Esperan√ßa - Aragar√ßas https://t.co/YVK9y4wFsM', 'Nunca antes na hist√≥ria desse pa√≠s, juros t√£o baixos para esses empreendedores.\nInfelizmente o momento n√£o √© bom ma‚Ä¶ https://t.co/NNyrHk0Oez', 'S√≥ queremos igualdade, isonomia!\nSe 196 munic√≠pios da Regi√£o Sudeste est√£o legalmente na Sudene, Aragar√ßas pode cer‚Ä¶ https://t.co/0rJeVpyGgU', 'Que tal divulgar os nomes desses "espertos"?\nCensura social funciona, acredito nisso.\nCaminhemos! em Aragar√ßas, Goi‚Ä¶ https://t.co/8PyYFtv2wP', '@rebecadrumonda Cobralango!!!', 'https://t.co/JUpQY7dxGL em Aragar√ßas, Goias, Brazil https://t.co/CJ9n6sEebv']
-18.8894444,-49.2861099,[]
-21.4882418,-56.4856008,[]
-18.7030563,-49.6869431,[]
-13.4733334,-48.4591675,[]
-8.5169439,-46.7469444,[]
-3.700556,-47.7633324,[]
-5.541667,-47.5024986,['Detalhes do meu trintei em casa.\n\nDecora√ß√£o: festafeitocompalete\nDoces:\ndocebarb mariachocolatedoceria \nBolo e doce‚Ä¶ https://t.co/DV77wNA1FV', 'Lindeza de hoje, todo de beijinho, com ninho trufado , massa branca de p√£o de l√≥.\nEncomendas:\n Whats 99 98265-3345‚Ä¶ https://t.co/SOUeW4liHB', 'üëâüèΩüéµüé∂ live solid√°ria no meu canal do YouTube, a partir das 22h30 do dia 15 de julho. Conto com tua companhia e colab‚Ä¶ https://t.co/gSZKFaDBhF', 'Mais um dia para dizer que foi louco, n√© turma? em Imperatriz https://t.co/XTbERov1rd', '(DIA 02)\n\nNa postagem anterior eu falei de qu√£o grande era a minha alegria em estar reabrindo meu escrit√≥rio.\n\nHoje‚Ä¶ https://t.co/GhCpkd8LiY', 'DIAS DE LUTA\nDIAS DE GL√ìRIA\n\nTem os dias de tempestades, que a grosso modo representam coisas ruins.\n\nE tem os dias‚Ä¶ https://t.co/uacDUHZIXv', 'DIAS DE LUTA\nDIAS DE GL√ìRIA\n\nTem os dias de tempestades, que a grosso modo representam coisas ruins.\n\nE tem os dias‚Ä¶ https://t.co/SB03jxdkiY', 'Grandes marcas, com qualidade e que visam o bem estar dos seus consumidores.\n@RicardosarepMa em Imperatriz https://t.co/9IiGrDqOQA', '(ARRUMANDO A CASA)\nLEIA TUDO\n\nHoje tirei pra arrumar a casa.\n\nMas n√£o √© qualquer casa. √â a minha casa.\n\nE qual √© mi‚Ä¶ https://t.co/Eh2GIM56R9', 'Delicia de ameixa com doce de leite,  massa branca de p√£o de l√≥.\nEncomendas:\n Whats 99 98265-3345\n#del√≠ciasdasussu‚Ä¶ https://t.co/Fl9s3XsJFW', 'Agende seus design de sobrancelha: 99 982448798. em Imperatriz https://t.co/3fLvfkkFuM', 'Lindeza de hoje, todo de beijinho, com ninho trufado , massa branca de p√£o de l√≥.\nEncomendas:\n Whats 99 98265-3345‚Ä¶ https://t.co/AG2BA6evnC', 'üéµüé∂a pr√≥xima vir√° mesclada. At√© logo mais...\n@zecabaleiro_of jerryalvesfm \n#sarav√°discos #musicabrasileira‚Ä¶ https://t.co/o8sObxA5Zc', 'Fiquei bonito ? \n\nIgnorem o la√ßo vermelho na parte masculina kkkkkkkkkkk em Imperatriz https://t.co/QeTmxlnxAD', 'Nunca falei pra voc√™s, mas tenho uma irm√£ g√™mea, e como sou do m√™s de maio, sou g√™meos duas vezes..\n\nPor hoje √© iss‚Ä¶ https://t.co/evwtzBDgrP']
-13.6102781,-58.5691681,[]
-21.3452778,-55.4333344,[]
-17.4586811,-48.9870904,[]
-19.5872211,-52.9519424,[]
-21.5072212,-54.7158318,[]
-13.4047222,-52.8483315,[]
-14.6511106,-55.3838882,[]
-21.4969444,-53.7497215,[]
-13.5744438,-53.9830551,[]
-13.0666666,-58.7058334,[]
-23.5499992,-49.25,[]
-14.7999967,-57.9732554,[]
-12.6219546,-45.9293346,[]
-17.3958321,-54.7597237,[]
-20.0218325,-53.2178268,[]
-22.5727665,-52.5155035,[]
-15.761664,-58.8034335,[]
-16.1830559,-39.3580551,[]
-11.6624104,-52.8614219,[]
-17.1913891,-57.0338898,[]
-16.1044445,-39.3638878,[]
-22.9311374,-55.0544546,[]
-21.6736107,-54.0358315,[]
-22.6764305,-55.5436315,[]
-11.9647217,-61.6866684,[]
4.6205602,-60.2771988,[]
2.0077801,-61.4757996,[]
2.7650001,-62.2214012,[]
3.16083,-63.7813988,[]
1.0722342,-62.1759339,[]
2.7369399,-62.0194016,[]
3.8391629,-60.6052101,[]
4.6346761,-60.5858657,[]
4.316456,-60.1878586,[]
4.7087267,-60.5116648,[]
3.9908299,-60.1817017,[]
4.7199998,-60.7696991,[]
4.6855602,-60.8027992,[]
-10.329816,-50.9486803,[]
-11.5222216,-58.1772232,[]
-10.6834325,-58.6449548,[]
-8.7788887,-35.7849998,[]
-17.8605963,-56.7060604,[]
-20.2405567,-52.3866653,[]
-20.6293864,-52.0274051,[]
-10.6626205,-51.4395369,[]
-10.8859188,-54.9996091,[]
-12.6069441,-46.7472229,[]
-18.4608841,-56.7645126,[]
-9.8330564,-55.4647217,[]
-10.564167,-44.9469452,[]
-7.4431742,-44.3491044,[]
-7.5319635,-44.8249376,[]
-13.2422665,-43.7378917,[]
-23.2872943,-48.7383333,[]
-20.0362055,-57.9180521,[]
-15.0174999,-53.935833,[]
0.5675,-69.637222,[]
-7.0347161,-50.0904006,[]
-3.3277781,-46.7797203,[]
-8.4078798,-37.0881996,['Comemorando o anivers√°rio de vov√≥ lindacy_ss em clima de üî•S√£o Jo√£oüî• a car√°ter!! em La Onde N√£o √â Da Sua Conta https://t.co/hLZE0wmlD4', 'üî• √â S√£o Jo√£o üî•\n\n#eSaoJoao\n\n#SaoJoaoChegou em La Onde N√£o √â Da Sua Conta https://t.co/NRtYOZdlEM', 'Muito amor envolvido. Vov√¥ amava ela demais!! em La Onde N√£o √â Da Sua Conta https://t.co/vKpZhh2WeI', 'üßöüèø\u200d‚ôÄÔ∏èüßöüèø\u200d‚ôÄÔ∏èMinha bailarinaüßöüèø\u200d‚ôÄÔ∏èüßöüèø\u200d‚ôÄÔ∏è em La Onde N√£o √â Da Sua Conta https://t.co/atSEJON9gL', 'Se j√° √© errado andar de jaleco na rua, imagine em uma pandemia de Coronav√≠rus? Parab√©ns a essa profissional do Hosp‚Ä¶ https://t.co/iiZ0oG8jHv']
-19.9469433,-48.0336113,[]
-18.6622026,-48.1898676,[]
-10.5809002,-38.0887985,[]
-9.0850828,-45.9555144,[]
-3.4216671,-48.335556,[]
-9.7763535,-36.6290557,[]
-18.2219319,-45.19063,[]
-19.8769436,-47.6797218,[]
-6.28174,-51.7461504,[]
-12.9935999,-39.6399002,[]
-11.9549659,-45.7237859,[]
-14.4704493,-53.6677127,[]
-8.3459285,-36.4400274,[]
-15.8661074,-38.8709379,[]
-2.875833,-50.4916687,[]
-7.5260301,-46.053299,['BOLETIM SOBRE O CORONAV√çRUS ‚ö†\nAcompanhe a situa√ß√£o do Coronav√≠rus em Balsas. Informa√ß√£o atualizada em 22/06‚Ä¶ https://t.co/ZZboRI0BRI', 'Voc√™ sabe o que significa ‚ÄúRacismo Recreativo‚Äù?\n.\nQuantas vezes voc√™, amigo (a) branco (a) fez piadas de seus amigo‚Ä¶ https://t.co/0rNwMOFUbB', '#Repost rhsulma\n‚Ä¢ ‚Ä¢ ‚Ä¢ ‚Ä¢ ‚Ä¢ ‚Ä¢\nVaga ASSISTENTE ADMINISTRATIVO. \nVaga confidencial.\n.\nInteressados enviar curr√≠culo no‚Ä¶ https://t.co/uhjQjhwCG8', 'BOLETIM SOBRE O CORONAV√çRUS ‚ö†\nAcompanhe a situa√ß√£o do Coronav√≠rus em Balsas. Informa√ß√£o atualizada em 21/06‚Ä¶ https://t.co/1KMx06OWrb', 'BOLETIM SOBRE O CORONAV√çRUS ‚ö†\nAcompanhe a situa√ß√£o do Coronav√≠rus em Balsas. Informa√ß√£o atualizada em 20/06‚Ä¶ https://t.co/4xuc8uNMPJ', 'Novo Decreto Municipal N¬∞ 046 de 17 de Junho. em Balsas, Maranhao https://t.co/ODC1vFrt29', 'BOLETIM SOBRE O CORONAV√çRUS ‚ö†\nAcompanhe a situa√ß√£o do Coronav√≠rus em Balsas. Informa√ß√£o atualizada em 19/06‚Ä¶ https://t.co/oq875rpZd6', '#Repost rhsulma\n‚Ä¢ ‚Ä¢ ‚Ä¢ ‚Ä¢ ‚Ä¢ ‚Ä¢\nVagas para:\nSERVICOS GERAIS\nOPERADOR DE CAIXA\nPREVEN√á√ÉO DE PERDAS\nINTERMITENTE\nVem pro‚Ä¶ https://t.co/E2MMOB7Z6M', 'BOLETIM SOBRE O CORONAV√çRUS ‚ö†\nAcompanhe a situa√ß√£o do Coronav√≠rus em Balsas. Informa√ß√£o atualizada em 18/06‚Ä¶ https://t.co/MFPJMspYXT', 'LIVE importante hoje √†s 19 horas sobre o novo decreto. O atual decreto vence hoje. \nVivemos um momento cr√≠tico da e‚Ä¶ https://t.co/ddUvJC9va4', 'Repost stores pontomaxbalsas \n.\nLocal Balsas MA.\n.\n#bacabalma em Balsas Maranhao Brazillll https://t.co/OVmpz78FVP', '#Repost credishopcartoes\n‚Ä¢ ‚Ä¢ ‚Ä¢ ‚Ä¢ ‚Ä¢ ‚Ä¢\nEstamos contratando! Veja as nossas vagas dispon√≠veis e se voc√™ deseja fazer p‚Ä¶ https://t.co/pZDMMRdvtc', 'BOLETIM SOBRE O CORONAV√çRUS ‚ö†\nAcompanhe a situa√ß√£o do Coronav√≠rus em Balsas. Informa√ß√£o atualizada em 17/06‚Ä¶ https://t.co/JNBjHEvlJd', '#Repost @pref_Balsas\n‚Ä¢ ‚Ä¢ ‚Ä¢ ‚Ä¢ ‚Ä¢ ‚Ä¢\nVaga de emprego!\n.\n#balsasmaranhao \n#empregosbalsas \n#balsasoportunidade‚Ä¶ https://t.co/PSu93Ap4Nw', 'BOLETIM SOBRE O CORONAV√çRUS ‚ö†\nAcompanhe a situa√ß√£o do Coronav√≠rus em Balsas. Informa√ß√£o atualizada em 16/06‚Ä¶ https://t.co/gzJ6DvjAdY']
-7.2167314,-44.550213,[]
-14.2562862,-41.8188403,[]
-2.5234156,-47.5175855,[]
-2.8002779,-49.6672211,[]
-11.0815087,-43.147409,['#lmimports.barra em Barra, Bahia, Brazil https://t.co/yKUssDGMPJ', '#apocalipse #jesusvoltar√° #ibdebarra #leandramarcal #vivaabiblia #robertosostenes em Barra, Bahia, Brazil https://t.co/W0GlnRZNDZ', 'Acabou de publicar uma foto em Barra, Bahia, Brazil https://t.co/ngpGbdWFb5', '#apocalipse #jesusvoltar√° #ibdebarra #leandramarcal #vivaabiblia #robertosostenes em Barra, Bahia, Brazil https://t.co/8vhMvcz7D8', '#barra #barradoriogrande #147anos em Barra, Bahia, Brazil https://t.co/RDI9c3WVBb', '#apocalipse #jesusvoltar√° #ibdebarra #leandramarcal #vivaabiblia #robertosostenes em Barra, Bahia, Brazil https://t.co/hldEXQzvPz']
-20.8909966,-45.3387246,[]
-2.5236111,-53.9397202,[]
2.4968582,-50.9632325,[]
-21.1061001,-45.8046989,[]
-3.290513,-52.2634973,[]
-21.2260205,-45.7794301,[]
-2.5437574,-54.7109527,[]
-1.250278,-46.0172234,[]
-10.5272217,-39.0330544,[]
-7.0523918,-40.3578469,[]
-1.821111,-44.866944,['https://t.co/nUWG5UXkcr']
-19.5517704,-49.4981195,[]
-19.4869995,-40.5793991,[]
-10.2208328,-36.2861099,[]
-20.4032993,-42.9165001,[]
-4.0890473,-54.9088702,[]
-3.6922221,-45.2700005,[]
-3.655,-45.4511108,[]
-7.0937047,-56.8517263,[]
-12.9769582,-44.0385239,[]
-21.4693718,-42.7285899,[]
-16.7163887,-47.0177765,[]
-2.260278,-48.5983315,[]
-12.9211111,-45.5694427,[]
-18.2307822,-43.6485754,[]
-20.638333,-45.998056,[]
-20.1739229,-44.872412,['üíôüíï‚ù§üçÉ em Aben√ßoados Por Deus https://t.co/ItEPMlo7Lc', '.. Onze aninhos! Obrigada por partilhar sua vida comigo! #maedecachorro üíúüê∂ em Aben√ßoados Por Deus https://t.co/kuEX6TaAu9']
-10.04,-36.3263893,[]
-18.7271003,-47.8692133,[]
-16.712288,-39.1416688,[]
-15.6649926,-38.9558886,[]
-12.804351,-38.2423261,[]
-5.167222,-57.6258316,[]
-22.8596877,-46.0373491,['@pejulio https://t.co/x1BT3HQbu3', '@CarlaBigatto @eduardobarao Show', 'Alguma coincid√™ncia n√£o ter ministro na educa√ß√£o e na sa√∫de?\n\n#BolsonaroVaiCair https://t.co/xM2jfbGalK', '@CrisRescarolli @SheylaHelenaEl1 Gostei..\n\nShow', '@thelminha @HenriqueFSD Bebendo todas.. https://t.co/dA6uf6rOk3', 'üåΩ‚ù§Ô∏è o que acharam dessa produ√ß√£o inspirada nas Festas Juninas? em Monte Verde Sul de Minas https://t.co/LnZzUqpsty', '@brukowski_ Aperte o Cintos, Piloto Sumiu.', '@HMarahu Oi', '@JANI_VALVERD Temos sim que valorizar nossa bandeira. Ela n√£o √© de direta ou de esquerda √© uma Democracia.', '@veronicaguidi Parab√©ns', '@bertabastosn Oi', 'https://t.co/8BQFHi0DsE']
-16.8823306,-46.232676,[]
-2.666944,-54.9005547,[]
-5.8137487,-44.139207,[]
-11.7726381,-37.9509552,[]
-13.1025,-39.9036102,[]
-15.959444,-50.7138901,[]
-16.7161999,-46.5211983,[]
-14.777222,-59.046944,[]
-17.0802784,-45.4472237,[]
-1.8404395,-47.1845909,[]
-22.559131,-55.381177,[]
-18.3875008,-48.8616676,[]
-9.059056,-56.5927505,[]
-6.0620095,-56.3027425,[]
-20.94,-47.87,[]
-20.3952999,-45.4836006,[]
-12.1823831,-55.7951827,[]
-22.1494446,-45.7625008,[]
-8.7695904,-38.9496002,[]
-11.8713894,-45.7372208,[]
-13.8366671,-38.9936104,[]
-12.6630965,-38.40654,[]
-6.6411134,-51.9583172,[]
-17.4055004,-43.9403992,[]
-9.83101,-45.3675973,[]
-7.1927649,-57.048342,[]
-9.0571812,-44.3708726,[]
-18.7114918,-42.8381808,[]
-19.0483322,-48.9722214,[]
-18.8624992,-48.4152794,[]
-19.0477772,-48.582222,[]
-18.5869446,-48.8691673,[]
-4.250833,-48.768055,[]
-7.7708214,-51.1271412,[]
-11.4362818,-42.5159656,[]
-1.4111765,-51.6336785,[]
-3.7633331,-48.1738892,[]
-19.0775,-48.130278,[]
-19.3050931,-48.1970729,[]
-12.341389,-49.621111,[]
-21.095,-49.914722,[]
-20.4344444,-45.1383324,[]
-17.1933327,-45.6655579,[]
-15.8243322,-41.0861643,[]
-12.4024639,-40.4746552,[]
-19.3600434,-47.3623395,[]
-8.0623999,-38.3288002,[]
-4.57,-47.47,[]
-4.3222222,-46.2283325,[]
-17.3624992,-47.440834,[]
-1.1261299,-47.5971713,[]
-11.3405732,-41.8470001,[]
-14.0145582,-42.4922657,[]
-5.7143291,-56.4356394,[]
-6.8169441,-56.5505562,[]
-17.9117812,-42.8794601,[]
-1.7839915,-53.4883372,[]
-15.2441902,-40.2702162,[]
-5.7427778,-43.5988884,[]
-5.1969442,-43.5977783,[]
-12.1684886,-43.2226475,[]
-14.1732328,-39.6849622,[]
-18.6465474,-49.88541,[]
-13.5566041,-59.1132526,[]
-12.8825,-60.119444,[]
-5.9589769,-47.3920603,[]
-14.5766667,-50.7055556,[]
-11.4510317,-40.0457142,[]
-17.1868,-44.6495018,[]
-20.7086846,-55.3700611,[]
-21.8455563,-43.1875,[]
-20.2597218,-42.1838875,[]
-17.7853213,-46.1199764,[]
-16.4413561,-41.0333388,[]
-6.5415608,-36.7321002,[]
-15.6541672,-43.4016685,[]
-16.0026491,-43.7467054,[]
-20.0448767,-47.4226123,[]
-7.0908792,-52.9357398,[]
-14.1667729,-44.5515344,[]
-19.0202999,-43.4338989,[]
-20.7355008,-43.7979624,[]
-8.1169443,-57.1172218,[]
-20.8365195,-41.1884857,[]
-8.3441668,-51.4513893,[]
-5.9669399,-44.2338982,[]
-12.0009241,-42.6334759,['Bendito seja o sorriso nosso de cada dia...\nüòÑ em Mata Do Bom Jesus https://t.co/ijdRLhx7P9']
-2.3909781,-47.8472403,[]
-10.4520256,-45.1393465,[]
-10.9889021,-44.5129101,[]
-9.9040945,-39.0304485,[]
1.04278,-50.5167007,[]
-21.918889,-50.636389,[]
-1.9712935,-48.6289959,[]
-3.6573132,-48.8236079,[]
-23.2035538,-53.8585798,[]
-7.9669442,-50.0172234,[]
-5.6915256,-56.4908517,[]
-19.8138885,-48.7388878,[]
-19.3986111,-43.7463875,[]
-19.1555996,-45.4948006,[]
-9.5166674,-61.25,[]
-9.6991857,-61.022915,[]
-15.6144931,-58.8948795,[]
-8.1663885,-41.1538887,[]
-10.838118,-37.1962524,[]
-4.8005562,-48.3933334,[]
-9.4319439,-49.5911102,[]
-5.7282086,-39.5970159,[]
-6.8357339,-56.8455114,[]
-12.4897223,-38.0236092,[]
-21.3505554,-46.2505569,[]
-9.8347216,-39.8833313,[]
-13.4333,-40.4333,[]
-15.0930004,-43.9790993,[]
-9.5449326,-35.8240388,['Oii pessoal! Hoje vim falar pra voc√™s da del√≠cia que recebi hoje: os bolos de pote da Isabella üç∞ vai l√° no meu inst‚Ä¶ https://t.co/BqGy09FOIt', "I'm at Condom√≠nio Recanto Dos Vales in Satuba, Alagoas https://t.co/6kloLX0gZc", '‚ÄúSe me perguntarem como estou, eis a resposta: estou indo. Sem muita bagagem. Pesos desnecess√°rios causam sempre do‚Ä¶ https://t.co/Fg70iBtas9']
-18.5938892,-45.3530579,[]
-17.2647587,-42.5378666,[]
-17.3230553,-46.5380554,[]
-14.1172218,-38.9838905,[]
-21.1758003,-46.9589005,[]
-18.0489006,-39.8642006,[]
-18.3500004,-53.75,[]
-18.7213427,-39.8369762,['√â hora de se preparar para o retorno ao mercado de trabalho!!\n\nAcesse: https://t.co/yHTgR5LSLJ\n\n#cursoonline‚Ä¶ https://t.co/S20NtYUMBE', 'Prepare-se antecipadamente para a abertura do mercado de trabalho.\n\nSua capacita√ß√£o ao seu alcance!\n\n#NR20‚Ä¶ https://t.co/n6d4ZelSFc', 'Sua capacita√ß√£o profissional ao alcance das suas m√£os!\n\n#NR35 #NormasRegulamentadoras  #Capacita√ß√£oprofissional #NR‚Ä¶ https://t.co/O7iPsBITyP']
-1.74145,-52.2360992,[]
-17.1769447,-46.2975006,[]
-2.8202779,-47.893055,[]
-18.9352893,-49.4733151,[]
-14.2998754,-43.7931298,[]
-14.2177782,-46.8386116,[]
-14.7694445,-43.4152794,[]
-25.566692,-51.4964968,[]
-14.0592504,-59.8506363,[]
-8.0669441,-52.1672211,[]
-14.9461107,-43.6811104,[]
-19.2009248,-47.7269275,[]
-16.5705566,-54.1708336,[]
-12.833333,-61.3499985,[]
-13.2805557,-60.3311119,[]
-22.1236115,-57.1038895,[]
-11.4222769,-37.3223491,[]
-7.0188899,-42.1671982,[]
-22.2975006,-46.3932991,[]
-10.4263887,-58.1613884,[]
-10.416667,-56.3886108,[]
-2.3330195,-47.6557829,[]
-15.0066996,-60.2206993,[]
-13.35778,-55.61611,[]
-23.5988884,-55.1425018,[]
-14.0116673,-59.8866653,[]
-8.143305,-70.3422572,[]
-10.1225004,-36.2922211,[]
-21.9822216,-50.9722214,[]
-1.7140044,-55.8362317,[]
-22.43101162,-45.48138494,['#ilovemyjob \n.\nBoa semana √† todos!!!!\n.\n#minhavidadefot√≥grafo #photolife #pelicanlife #hbteam #nikond850‚Ä¶ https://t.co/7BpPtjOK27', 'Lunch break üôÇ #working  #work #workplace #lunchtime #lunchbreak #break üìöüìñüìêüìùüìÇ em Itajub√° Sul De Minas Gerais https://t.co/3rRThVvZXg', 'Acabou de publicar uma foto em Itajuba Bairro Santo Antonio https://t.co/IdcDqfTzUY', '- nunca subestime um sonhador ü§†üé∂üëäüèæ #sertanejo em Itajub√° Sul De Minas Gerais https://t.co/V2LljbgbCP', 'Mais um dia que se despede. em Itajuba Bairro Santo Antonio https://t.co/Ksu4OU4BuX']
-18.443192392307694,-49.21388255384615,[]
-13.403795983333334,-44.22194630833334,[]
-18.77251494375,-40.948674589583334,[]
-23.66445922,-54.07952874,[]
-27.631740227272726,-50.35464269999999,[]
-27.16043503571429,-49.541854478571416,[]
-28.24449354,-49.89839592,[]
-11.026291109999999,-48.576157,[]
-23.35077323333333,-53.49962398333333,[]
-15.8590357625,-52.389401883333335,[]
-21.121090844827588,-42.88201523103449,['Trazendo mam√£e de volta ao Brasil üôèüèº https://t.co/DzuT8YGOKC']
-13.212928880000002,-50.56618032,[]
-16.85049508333334,-42.04501045,[]
-28.67676221666667,-49.06486247500001,[]
-17.551447919999998,-43.0081622,[]
-16.40552184285714,-51.08923487142857,[]
-4.56902149375,-37.8035356125,['Os melhores momentos da #vida s√£o os mais #simples , por isso aproveita cada #momentos hoje pois a vida passa mais‚Ä¶ https://t.co/pEjQHWJz11']
-4.2579249428571435,-38.94013804285714,['#seamemais‚ù§ em Guaramiranga, Ceara, Brazil https://t.co/AOEfvVTGtJ', '‚ú® N√£o quero perder isso isso nunca, essa forma que a gente tem de transmitir em gestos o tanto que sente. Voc√™ √© o‚Ä¶ https://t.co/nvOxKTmTEj']
-5.1513642428571425,-39.17180192857143,[]
-13.877122335135136,-40.07203103783784,['Ela fez 18t√£o  e eu estava l√°  para aplaudir mas esse ciclo que se inicia l.livss  üòç@annaruivinha  leleediversao_of‚Ä¶ https://t.co/aGjBWnR2Af', 'Bom dia üçÄ em Jequi√© -  Bahia - Cidade Sol https://t.co/7zBaM6sSap', 'Acabou de publicar uma foto em Jequi√© -  Bahia - Cidade Sol https://t.co/TIy8qaMJr9', '#repost. @institutomaos\n............\nüëêüèΩüëêüèΩüëêüèΩüëêüèΩ\ndiga√≠ pessoal, estamos na realcalcadosjequie parceira na nossa live s‚Ä¶ https://t.co/s71DZMXZ6z', 'As suas escolhas s√≥ depende de vc! üçÄ\n-\n#teamflavinhamacedo\n#personaltrainer\n#consultoriaonline\n#jumpdance‚Ä¶ https://t.co/iGwb6yVmxG', 'Bom dia!üåª\nSeja feliz com o que vc ja tem..\nSeja grato!\n-\n#teamflavinhamacedo\n#personaltrainer\n#consultoriaonline‚Ä¶ https://t.co/Jk7v3Mhvtm', 'üçÉüå∏üçÉüçÉüå∏üçÉ\n-------------------\n*BOA TARDE*\n-------------------\n"N√£o permita que a pandemia provoque desumaniza√ß√£o. Escr‚Ä¶ https://t.co/0jOfGGEOIb', 'üçÉüå∏üçÉüåªüåø.üçÄ‚Ä¢üçÉüå∏üçÉ\n\n"Ou voc√™ se torna v√≠tima ou se torna forte. A escolha √© sua, sempre ser√° sua!!! E o esfor√ßo √© o mesmo!‚Ä¶ https://t.co/a1Cw6ZuWD7', 'Como diz alguns daqueles ditados, no pain, no gain, ou um dia ap√≥s o outro, ou um dia de cada vez üòú ta servindo pro‚Ä¶ https://t.co/wKPEG2P8nX', 'Essa not√≠cia √© pra marcar na agenda, isso mesmo !!! \nVem a√≠ a live s√≥lidaria do instituto m√£os e atra√ß√£o principal‚Ä¶ https://t.co/IlxZ3cx2km']
-24.26355934,-51.63848668000001,[]
-2.90634576,-40.35384785,[]
-22.909495789285717,-43.16538282261905,['Castanho (adj.)\n√© a cor que mais me encanta. √© o tom de mel\ndo seu olhar. √© a tinta que passaram na sua\nalma quando‚Ä¶ https://t.co/dfBNezMqEH', 'Quem quiser vencer na vida deve fazer como os s√°bios: mesmo com a alma partida, tem um sorriso nos l√°bios.‚Ä¶ https://t.co/Jhf2hfZH3J', 'Segundei ... mas n√£o recomendo üòú https://t.co/IV3a2I6KWN', '‚Äúo poder nos leva a guerra a falta de poder nos leva a perder tudo‚Äù üáßüá∑ https://t.co/IhkfFahfEA', 'Estou no meu gabinete na Alerj participando da 7a Reuni√£o Extraordin√°ria Remota da Comiss√£o de Constitui√ß√£o e Justi‚Ä¶ https://t.co/jW5zABroU7', 'Pela capital hoje (@ Cinel√¢ndia in Rio de Janeiro, RJ) https://t.co/SnHELpghAB', '+1 ‚úàÔ∏è (@ Aeroporto do Rio de Janeiro / Santos Dumont in Rio de Janeiro, RJ) https://t.co/VYdBSEwSEp', 'No futuro haver√£o carros voadores.\nO futuro: https://t.co/J1SL8BGf3a', '‚úÖOlha o camarada que j√° passou FOME e hoje pede ajudar um povo nessa PANDEMIA ‚úÖ Este SOU EU! Adilson Bahea ou Bahea‚Ä¶ https://t.co/0MbDoi28h6', 'Aberto durante toda a pandemia e seguindo as recomenda√ß√µes de seguran√ßa, meu gabinete continua de portas abertas pr‚Ä¶ https://t.co/McPuym9Ck6']
-9.59012158888889,-37.775715911111114,[]
-26.058758230769232,-53.064465838461544,[]
1.1205696166666668,-66.84151825833332,[]
-4.931553171428571,-38.97544548571428,[]
-13.024881852941176,-42.67489626470588,['#Tbtdasaudade https://t.co/g24DejYpKI', 'S√£o Jo√£o arretado de b√£o! \n#saojoaoneglobo https://t.co/TM00wN7mnh']
-12.78993642,-42.727557499999996,[]
-21.7480257125,-48.85499324375,[]
-16.046452979999998,-57.631260780000005,[]
-8.388238900000003,-42.250615281818185,[]
-15.775826927777777,-42.19078929444444,[]
-23.290674323529412,-52.128103123529414,[]
-26.87489138125,-52.373692012499994,[]
-17.523148584615388,-39.670649407692316,[]
-12.069691931249999,-45.71602565625,[]
-17.681883353846153,-42.53104272307692,[]
-13.379326733333334,-44.62206264444445,[]
-1.86836701,-55.51390624999999,[]
-21.599810105263156,-48.83267523157895,['üî¥#NO_AR #SuperTarde104\nüìª Sintonize 104,9 FM\nüì≤Baixe nosso aplicativo: R√°dio 104 FM It√°polis\nüåêhttps://t.co/iru3VdcUdF‚Ä¶ https://t.co/8j5udkGLUS', 'Domingou adoro por do sol! ‚òÄÔ∏è #sol #boatarde #pordosolüåû #diaadia #quarentena em It√°polis https://t.co/xy04yZKT7O', 'üî¥#NO_AR #SuperTarde104\nüìª Sintonize 104,9 FM\nüì≤Baixe nosso aplicativo: R√°dio 104 FM It√°polis\nüåêhttps://t.co/iru3VdcUdF‚Ä¶ https://t.co/V1VxY96Km4', 'üî¥#NO_AR #SuperTarde104\nüìª Sintonize 104,9 FM\nüì≤Baixe nosso aplicativo: R√°dio 104 FM It√°polis\nüåêhttps://t.co/iru3VdcUdF‚Ä¶ https://t.co/hhywHvMsfA', 'üî¥#NO_AR #SuperTarde104\nüìª Sintonize 104,9 FM\nüì≤Baixe nosso aplicativo: R√°dio 104 FM It√°polis\nüåêhttps://t.co/iru3VdcUdF‚Ä¶ https://t.co/71GRLFR67n', 'üî¥#NO_AR #SuperTarde104\nüìª Sintonize 104,9 FM\nüì≤Baixe nosso aplicativo: R√°dio 104 FM It√°polis\nüåêhttps://t.co/iru3VdcUdF‚Ä¶ https://t.co/3sg5uMFbsb', 'üî¥#NO_AR #SuperTarde104\nüìª Sintonize 104,9 FM\nüì≤Baixe nosso aplicativo: R√°dio 104 FM It√°polis\nüåêhttps://t.co/iru3VdcUdF‚Ä¶ https://t.co/hvXwOPVUrv']
-20.910864271428572,-44.894437599999996,[]
0.05116851764705882,-51.06934481176471,['PREPARA! De 28/06 a 12/07, voc√™ poder√° pedir os pratos incr√≠veis do evento atrav√©s do üì± aplicativo oficial: Brasil‚Ä¶ https://t.co/TKXmVxbq5M', 'Recebi um chamado da ruanysoaresjulia para interceder junto a Cruz Vermelha com uma doa√ß√£o para a "Casa de Apoio No‚Ä¶ https://t.co/fBWdotxq5P', '‚ÄúEu pe√ßo a Deus, me tire da mira dos verme\nMe livra do mal que assombra, que a vida n√£o seja breve\nT√¥ pelos meus, c‚Ä¶ https://t.co/FgcEU31DRh', 'E se voc√™ tivesse a possibilidade de ver uma de suas conquistas ante de acontecer, no futuro?\nHj\nSeria fant√°stico !‚Ä¶ https://t.co/ABZXjCXmON', 'Tivemos a honra de receber na tarde de hoje desembarcando em solo tucuj√∫, o Presidente Nacional da @cvborgaocentral‚Ä¶ https://t.co/Lvs0JpoPPV', 'Todos os anos, no dia do meu anivers√°rio sou aben√ßoado com uma poderosa chuva como a de hoje!! Sempre me emociono,‚Ä¶ https://t.co/qO6LiKCYqS', 'S√≥ tenho agradecer meu Deus pela d√°diva da vida que tenho, da fam√≠lia, amigos, sa√∫de e aprendizado. \n\nQuero agradec‚Ä¶ https://t.co/3K2bgDckSS', 'Saudades do que a gente ainda n√£o viveu esse ano, n√© BB? https://t.co/oYqzqbYLi6', '"And I might as well just tell you while I\'m drunk, yeah\nThe truth is that I think I\'ve had enough\nProfessionally m‚Ä¶ https://t.co/rPDoBxD4mE', 'Olha o que o  restaurantesaborperfeito preparou para esse m√™s de junho: kit e combos juninos pra vc n√£o ficar sem a‚Ä¶ https://t.co/QmlKpCooRl', 'Um dia desses quando fui fazer a barba ...\nops ... o cabelo üòÖ\n.\n.\n.\n.\n#cuidado #barba #brooklin #ajeitar em Barbear‚Ä¶ https://t.co/EeIQ3N0GmD']
-22.024948119999998,-57.36481048,[]
-20.944743339999995,-56.49606535,[]
-20.765231977777777,-56.708310877777784,[]
-20.943323877777775,-56.67569276666667,[]
-21.019069628571426,-56.27628717142858,[]
-26.161330711111113,-49.83348246666666,[]
-23.791465242857146,-49.02488682857144,[]
-13.92085571111111,-50.00813395555556,[]
-14.065541455555556,-50.419808322222224,[]
-12.163373616666668,-45.033857816666675,[]
-14.266527513333333,-47.02716712666666,[]
-10.833067455555556,-42.68512878888889,[]
-14.79596516,-46.00526156,[]
-23.441535515151518,-45.07263774545454,['üó∫ LET‚ÄôS GO UBATUBA ‚õµÔ∏è\n‚†Ä\nüáßüá∑VOC√ä J√Å FALOU ü§¨ HOJE? \n‚†Ä\nüí°A partir do dia 1¬∫ de julho voc√™ poder√° comprar passeios como e‚Ä¶ https://t.co/31dvmuI1gd', 'Bom dia üôèüèº https://t.co/eU4R8HbzxF', 'üßúüèΩ\u200d‚ôÄÔ∏è‚ú® ‚Ä¢ #TBT de onde eu queria estar. em Ubatuba, Sao Paulo, Brazil https://t.co/uCkclsmFt5', 'Quando passei ontem pela orla. ‚ù§Ô∏èüå∫üåø em Perequ√™-A√ß√∫ https://t.co/yKeNNnAO7z']
-4.042680357142857,-40.89056577142857,[]
-1.639868846153846,-50.446071676923076,[]
-1.2308664181818183,-47.20007123636364,[]
-1.2667657,-48.4302258375,[]
-1.3148724692307694,-48.42961420769231,['Aquele momento de reflex√£o...\n\n#glacial em Tenone City https://t.co/hPCsqmfKIR']
-11.162840333333332,-40.553150011111114,[]
-8.782717677777777,-39.87355012222222,[]
-19.8265384,-40.10221342727274,[]
-22.10274696969697,-48.22791886060606,[]
-8.53180973846154,-37.67436670769231,[]
-13.540740363636361,-42.47788579090909,[]
-23.12539874,-52.313791499999994,[]
-11.26257442,-54.20865836,[]
-11.088178942857144,-54.53095032857143,['Amor que n√£o se mede a_machado16, como ela ama esse stitch_machado üêà em Marcel√¢ndia https://t.co/vU5A631U01']
-22.327721183333335,-44.832068316666664,[]
-22.359249319999996,-44.847603680000006,[]
-22.35795166,-45.08145642,[]
-22.361616183333336,-44.498688066666666,[]
-5.3773238249999995,-40.29619381249999,[]
-13.733461260000002,-49.040687459999994,[]
-29.731036290000002,-53.39142303999999,[]
-22.781157800000003,-47.336014424999995,[]
-20.743750235714288,-47.93358922857143,[]
-24.080885204545453,-54.18936627727272,[]
-24.05476966666667,-54.00720713888889,[]
3.857735,-51.79700485,[]
-23.091508763157897,-52.48549485526316,[]
-20.179221825000003,-56.63397725,[]
-19.8650493,-56.987898916666666,[]
-26.561611385714286,-48.69683857142858,[]
-28.39191411111111,-48.7552172,['Praia do Sol üåû ( Sol Beach), Laguna, Brazil.  Everything that is natural and preserved is much more beautiful and d‚Ä¶ https://t.co/w46Kf5Dodd']
-20.60478152,-46.9182239,[]
-23.5646682,-46.06953807142857,[]
-23.287670241666664,-51.09191066666666,[]
-13.377386870588236,-50.424185111764714,[]
-13.600553576923078,-50.31414182307692,[]
-13.520776428571427,-50.384063507142855,[]
-13.481020276923077,-50.28035817692307,[]
-26.444942614285715,-49.16437238571429,['P√≥ssa Burguer  Seu Her√≥i \nAqui os gigantes do Burguer enfrenta sua fome em P√≥ssa Burguer Jaragu√° do sul https://t.co/UW93bWPCxs', 'O melhor Burguer est√° aqui no P√≥ssa.\n\nEst√° foto √©  antiga.\nReceitas da Carne sempre a mesma. \ninova√ß√£o em molho em‚Ä¶ https://t.co/GKWo2m99pD', 'Quer saber o Segredo das verdadeiras Batatas R√∫sticas?\n\nVenha devorar uma por√ß√£o de Batatas e Vamos disser  s√≥  pra‚Ä¶ https://t.co/PB9egRURcG', 'Nosso Chopp tem personalidade\n\ntabero.wood em P√≥ssa Burguer Jaragu√° do sul https://t.co/ySHL99PD3Y', 'Happy Hour  \nAqui no P√≥ssa  sempre tem\n\nBora que √©  s√≥  at√© as 20h00 em P√≥ssa Burguer Jaragu√° do sul https://t.co/BSKnKf9vZv', 'Hoje chegou mais um na cole√ß√£o do P√≥ssa. \nMestre dos magos  Feito pelo Pedrinho Tatoo \nUma verdadeira perfei√ß√£o.\npe‚Ä¶ https://t.co/xWhBbMqVR2']
-17.55278287894737,-52.55645699473684,[]
-18.909936388888887,-46.9838484,[]
-13.30048644,-38.99214634,[]
-16.165359241666668,-40.684540775,[]
-8.129148546938776,-34.92223412448979,['"Quando sentir saudades...\nMande flores.\nEstas s√£o tuas."\n\n#saudades em Boa Viagem, Pernambuco, Brazil https://t.co/RU8CcOQXYo', 'ùïäùïÜùïÉùî∏‚ÑùùïÄùïä #beach #solaris #praia #boaviagem #fefijr #gay #recife #goias em Boa Viagem, Pernambuco, Brazil https://t.co/JBGCEhlK83', '‚ùù Que a vida nos envolva com sua ternura ... e que possamos ter um cora√ß√£o puro para reconhecermos os milagres di√°r‚Ä¶ https://t.co/OJw4hatXXe', 'outono e inverno ficar sem olhar para c√©u no final de tarde √© quase imposs√≠vel', 'Agora a coisa ficou s√©ria!!!!!!!!! Entendedores entender√£o!!! em Boa Viagem, Pernambuco, Brazil https://t.co/G0vTAxtPd9', 'Kest √© um poderoso suplemento alimentar que atua no processo de emagrecimento e atua como um destoxificante natural‚Ä¶ https://t.co/ZRqT85kBe5', 'Kest\nO processo de emagrecimento deve ser acompanhado por uma rotina de cuidados que visem manter os resultados obt‚Ä¶ https://t.co/zdX6zK5kH1', 'Para que fique claro a diferen√ßa. #pernambucomeupa√≠s recifeordinarioo posta isso tamb√©m. em Boa Viagem, Pernambuco,‚Ä¶ https://t.co/hnKae3jbL4', 'ü§≥üèæ em Boa Viagem, Pernambuco, Brazil https://t.co/A4PcoOKYk7', 'Sourii pa neglije souriüòÅ https://t.co/2n9jMXNIod', '#muitoboatarde em Boa Viagem, Pernambuco, Brazil https://t.co/3rvG1gLoDX', 'A revolu√ß√£o do dinheiro mas, se n√£o tiver cuidado....\n.\nN√£o caia nessa se voc√™ ainda n√£o controla o seu dinheiro, c‚Ä¶ https://t.co/nSld1N3gsy', '#boanoiteeee em Boa Viagem, Pernambuco, Brazil https://t.co/wO7lg6MxPm']
-13.038719772727273,-55.95049302727273,[]
-3.940030355555555,-38.379648,[]
-12.483191000000001,-41.277503800000005,[]
-26.221790883783786,-48.56664557567568,[]
-19.01103907222222,-50.43258209444445,[]
-13.03121173076923,-41.445293400000004,[]
-13.408542639999999,-54.7497835,[]
-12.909763643749999,-38.3264155828125,['Conclu√≠do! #Livros em Praia de Ipitanga - Lauro De Freitas https://t.co/wYz4PGxics', "I'm at Sagu√£o in Salvador, BA https://t.co/40MF6x8Rot", "I'm at Projeto Tamar in Salvador, BA https://t.co/JlS5vIjqhd", "I'm at Pelourinho Caf√© Espresso in Salvador, BA https://t.co/iG57aCK4Dm", "I'm at Artcocobahia https://t.co/qKAeyXRbso", "I'm at O Boticario in Salvador, Bahia https://t.co/GCswe2c5ST", "I'm at Aeroporto Internacional de Salvador / Deputado Lu√≠s Eduardo Magalh√£es (SSA) in Salvador, BA https://t.co/PCbb6Ecqfn", '#PartiuBH #VemCoisaBoaPorA√≠', 'Hoje vamos com esse √≥timo custo benef√≠cio! E que anda fora do radar e dif√≠cil de encontrar #BlackisBlack Modern Old‚Ä¶ https://t.co/vSD6P3K2DG', 'Hapvida Sa√∫de Individual Coletivo por Ades√£o ABRACIM - Plant√£o de Vendas On-line em Salvador, Bahia, Brasil - SSA https://t.co/uoOy7myDBH']
-27.613784352380954,-48.67517402857143,["I'm at Passeio Pedra Branca in Palho√ßa, SC https://t.co/YFfzswYcu7", 'Filme 365 dias:Roteiro e trama em s√≠ muito bons!Mas o final,meus amigos...que DECEP√á√ÉO eim???ü§®']
-13.564596400000001,-38.94098907692308,[]
-6.3961194400000005,-38.01990126,['Ensaio fam√≠lia do jeito que a cliente amiga sugeriu.\n.\nteresasantos897 \nezequielkeviny\nemilly6816 \n.\n.\n.\n.\n.\n.\n.\n.‚Ä¶ https://t.co/ltYsroHEpc', 'Ensaio fam√≠lia do jeito que a cliente amiga sugeriu.\n.\nteresasantos897 \nezequielkeviny\nemilly6816 \n.\n.\n.\n.\n.\n.\n.\n.‚Ä¶ https://t.co/sG0zWouxA5', 'Devemos valorizar o que nos faz bem, e para aprimorar a sensa√ß√£o de felicidade, ignorar completamente o que n√£o tra‚Ä¶ https://t.co/5gSbeOzPxx', 'Devemos valorizar o que nos faz bem, e para aprimorar a sensa√ß√£o de felicidade, ignorar completamente o que n√£o tra‚Ä¶ https://t.co/U1S3zDDkqu', 'Devemos valorizar o que nos faz bem, e para aprimorar a sensa√ß√£o de felicidade, ignorar completamente o que n√£o tra‚Ä¶ https://t.co/QUfMyEBA2p']
-8.046016654545456,-39.134268072727274,[]
-6.154115544444445,-38.19970893333333,[]
-7.58558053,-40.53655419,[]
-25.53859052857143,-48.53042307142857,['Essa entrega foi de fude #MotoBoyPorAmor https://t.co/aQNm45TnbV', 'A verdadeira felicidade, √© ser exatamente quem voc√™ √©... #bomdia #selfie #goodvibes #happy #day em Jardim Guaraitub‚Ä¶ https://t.co/A8dIsDCGPj', "A'zamigaüòçüíöüíö em Santos Dumont, Paranagu√° https://t.co/2mRhl7lyln", 'Brothers ü§©üíö em Santos Dumont, Paranagu√° https://t.co/mhcl3Qi9pa']
-5.057692672916667,-42.82379032291667,['Meu papatinho rosa! https://t.co/rMQzF7yObg', 'A minha saudade!!\n1,74m de pura vontade de estar numa praia‚ô•Ô∏è https://t.co/9ZUUMwEP2p https://t.co/luCsaK715S', 'Saudades da avia√ß√£o, n√© meu filho? üòÇ‚úàÔ∏è em Aeroporto de Teresina https://t.co/BPLb3EA7lJ', 'A pessoa n√£o terminou de pagar o √∫ltimo t√™nis que comprou e j√° fala que precisa de outro. E n√£o √© consumista n√£o, √©‚Ä¶ https://t.co/A7lBkIMNdQ', '#BiscoitoLGBTQ https://t.co/UKzKXwCRep']
-29.36901762307692,-50.82729968461537,['Centro aqui em Canela, e a Igreja Nossa Senhora de Lourdes ao fundo....\n@metsul @clicrbsRS @correio_dopovo‚Ä¶ https://t.co/nYdcO0cmc0', 'Simplesmente m√°gico florybal  \U0001f9c9üç© #florybal #serragaucha #chocolate #riograndedosul #gramado em Florybal https://t.co/ReLmqJ5MoM', 'Fomos muito felizes com nossa Chessecake de doce de leite com pacoquinha nesse 1 ano e meio de F√©rreo , agora vamos‚Ä¶ https://t.co/i6WDJpQI7W', 'Calda de chocolate, farofinha de am√™ndoas , alfajor de doce de leite e merengue ... das sobremesas novas essa j√° fo‚Ä¶ https://t.co/P7iRXlSXHH', 'Doce de leite quentinho , morangos da Cris , uvas e BANANA A MILANESA üòÉ tem como ser mais delicioso ?\nEntrou sexta‚Ä¶ https://t.co/Wk9tRZfYzB']